2Theta, Counts
36.2902	,49.21923
36.31022	,56.77087
36.33024	,103.9591
36.35025	,95.16558
36.37027	,104.2787
36.39029	,103.04206
36.41031	,98.12315
36.43033	,96.66671
36.45034	,98.30721
36.47036	,97.21823
36.49038	,137.75463
36.5104	,155.29906
36.53041	,162.37556
36.55043	,159.78122
36.57045	,150.02712
36.59047	,149.17808
36.61049	,152.06613
36.6305	,146.33154
36.65052	,153.62404
36.67054	,156.40814
36.69056	,156.03093
36.71058	,146.82089
36.73059	,146.45992
36.75061	,140.2803
36.77063	,155.32823
36.79065	,154.72166
36.81067	,147.3161
36.83068	,151.04953
36.8507	,149.02164
36.87072	,150.53363
36.89074	,157.48639
36.91075	,146.18734
36.93077	,154.39439
36.95079	,144.83445
36.97081	,199.55039
36.99083	,210.97135
37.01084	,188.88325
37.03086	,207.48168
37.05088,	194.7144
37.0709	,202.89006
37.09092	,211.39047
37.11093	,206.44743
37.13095	,207.12243
37.15097	,204.01204
37.17099	,199.76905
37.191	,207.86107
37.21102	,199.14517
37.23104	,204.54043
37.25106	,195.47615
37.27108	,197.05478
37.2911	,195.50682
37.31111	,198.19952
37.33113,	195.8412
37.35115	,196.97189
37.37117	,191.97092
37.39118	,200.17834
37.4112	,207.90851
37.43122	,197.70082
37.45124	,195.57647
37.47126	,200.39115
37.49127	,195.09796
37.51129	,196.58241
37.53131	,193.18909
37.55133	,198.50763
37.57135	,199.87887
37.59136	,192.86165
37.61138,	193.8893
37.6314	,198.59502
37.65142	,198.99536
37.67144	,217.55237
37.69145	,214.98523
37.71147	,202.61049
37.73149	,199.98979
37.75151	,198.43277
37.77152	,199.31966
37.79154	,200.10236
37.81156	,198.14632
37.83158	,200.05863
37.8516	,192.67073
37.87162	,204.20728
37.89163	,192.06219
37.91165	,199.49251
37.93167	,199.47541
37.95169	,198.46655
37.97171	,205.47047
37.99172	,194.39503
38.01174	,187.61164
38.03176	,203.61687
38.05178	,207.14495
38.07179	,200.11886
38.09181	,187.21555
38.11183	,196.97347
38.13185	,200.95335
38.15187,	193.519
38.17189	,196.45701
38.1919	,192.78757
38.21192	,193.27813
38.23194	,199.76335
38.25196	,190.60614
38.27198	,196.91305
38.29199	,195.84515
38.31201	,185.99276
38.33203	,188.14003
38.35205	,194.59013
38.37207	,190.46574
38.39208	,192.14218
38.4121	,190.3327
38.43212	,187.1836
38.45214	,196.29549
38.47216	,197.46066
38.49217,	195.9344
38.51219	,198.77135
38.53221	,195.09736
38.55223	,192.00529
38.57225	,188.30647
38.59226	,191.20568
38.61228	,203.09156
38.6323	,192.97972
38.65232	,187.86009
38.67234	,194.88686
38.69236	,189.94611
38.71237	,194.87377
38.73239	,204.40632
38.75241	,203.70766
38.77243	,190.01731
38.79245	,205.48046
38.81246	,200.82936
38.83248	,184.66279
38.8525	,195.89017
38.87252	,201.41557
38.89254	,194.41527
38.91255	,183.9063
38.93257	,190.24848
38.95259	,186.23518
38.97261	,194.12183
38.99263	,198.00132
39.01264	,194.43993
39.03266	,183.58165
39.05268	,185.78666
39.0727	,187.0209
39.09272	,182.76462
39.11274	,190.85453
39.13275	,195.07146
39.15277	,193.10824
39.17279	,195.90798
39.19281	,185.32919
39.21283	,188.64522
39.23284	,190.72521
39.25286	,188.29495
39.27288	,182.71014
39.2929	,187.67785
39.31292	,189.15043
39.33293	,188.43806
39.35295	,194.30679
39.37297	,188.43839
39.39299	,186.16966
39.41301	,181.44158
39.43303	,191.44212
39.45304	,191.02936
39.47306	,194.3105
39.49308	,186.92209
39.5131	,192.87179
39.53312	,189.50403
39.55313	,189.60483
39.57315	,196.65819
39.59317	,194.01764
39.61319	,190.52793
39.63321	,188.61197
39.65323	,185.65199
39.67324	,176.81738
39.69326	,186.67122
39.71328	,180.40323
39.7333	,183.47488
39.75332	,182.53044
39.77334	,183.67653
39.79335	,185.00907
39.81337	,186.15562
39.83339	,184.68018
39.85341	,187.48227
39.87343	,181.47683
39.89344	,175.78363
39.91346	,195.42708
39.93348	,186.48613
39.9535	,177.59391
39.97352	,189.96508
39.99354	,173.02523
40.01355	,177.92169
40.03357	,183.01615
40.05359	,180.08131
40.07361	,190.33078
40.09363	,172.71435
40.11364	,175.42783
40.13366	,178.7893
40.15368	,189.73202
40.1737	,178.34983
40.19372	,183.19003
40.21374	,178.96876
40.23375	,192.39779
40.25377	,184.68052
40.27379	,179.28054
40.29381	,187.85547
40.31383	,183.21061
40.33384	,181.01185
40.35386	,183.84273
40.37388	,181.75738
40.3939	,187.84131
40.41392	,181.20696
40.43394	,176.52172
40.45396	,188.71089
40.47397	,191.17358
40.49399	,188.98192
40.51401	,191.50675
40.53403	,183.82823
40.55405	,176.98952
40.57406	,183.0946
40.59408	,196.24383
40.6141	,179.39231
40.63412	,176.78881
40.65414	,179.06767
40.67416	,173.58645
40.69418	,180.47168
40.71419	,178.03861
40.73421	,178.74996
40.75423	,172.63189
40.77425,	169.499
40.79427	,184.34014
40.81428	,174.60999
40.8343	,177.21631
40.85432	,170.28932
40.87434	,176.34024
40.89436	,177.28257
40.91438	,188.0624
40.93439	,183.03319
40.95441	,179.66621
40.97443	,184.23154
40.99445	,173.78363
41.01447	,182.35408
41.03449	,185.3389
41.0545	,185.69717
41.07452	,190.05994
41.09454	,194.73403
41.11456	,182.23575
41.13458	,194.29794
41.1546	,192.21296
41.17461	,179.57628
41.19463	,181.53056
41.21465	,179.73889
41.23467	,180.58328
41.25469	,189.69546
41.27471	,174.5586
41.29472	,176.35421
41.31474	,186.3638
41.33476	,183.78116
41.35478	,173.45213
41.3748	,171.67012
41.39482	,182.14656
41.41484	,187.78186
41.43485,	182.999
41.45487	,183.48564
41.47489	,179.80797
41.49491	,178.38038
41.51493	,171.62578
41.53495	,179.38543
41.55496	,179.0024
41.57498	,179.45919
41.595	,172.52164
41.61502	,186.56555
41.63504	,188.11549
41.65506	,176.66201
41.67507	,188.05588
41.69509	,175.94162
41.71511	,177.99302
41.73513	,179.75106
41.75515	,177.8235
41.77517	,182.43509
41.79519	,184.53535
41.8152	,172.5782
41.83522	,179.42344
41.85524	,177.59758
41.87526	,188.35879
41.89528	,186.29854
41.9153	,185.9923
41.93532	,183.09252
41.95533	,183.71403
41.97535	,172.99737
41.99537	,171.55726
42.01539	,176.09697
42.03541	,165.58611
42.05543	,170.6218
42.07544	,179.78919
42.09546	,184.76209
42.11548	,185.25591
42.1355	,181.59104
42.15552	,185.72147
42.17554	,184.38026
42.19556	,171.11657
42.21557	,188.17717
42.23559	,172.32701
42.25561	,166.36985
42.27563	,183.40105
42.29565	,180.73923
42.31567	,178.21042
42.33568	,181.68324
42.3557	,174.99157
42.37572	,175.93595
42.39574	,177.70376
42.41576	,187.38667
42.43578	,186.18647
42.4558	,172.89384
42.47581	,182.27798
42.49583	,176.85212
42.51585	,174.79936
42.53587	,180.0497
42.55589	,189.55187
42.57591	,173.77325
42.59592	,178.38177
42.61594	,186.57382
42.63596	,194.49224
42.65598	,183.97694
42.676	,172.94312
42.69602	,180.79369
42.71604	,191.11326
42.73605	,190.91113
42.75607	,185.63138
42.77609	,179.98626
42.79611	,193.03125
42.81613	,179.20468
42.83615	,179.78876
42.85617	,183.26932
42.87618	,189.2766
42.8962	,182.41423
42.91622	,182.49484
42.93624	,195.05271
42.95626	,191.9933
42.97628	,191.37124
42.9963	,192.6206
43.01632	,191.64569
43.03633	,199.08298
43.05635	,199.86283
43.07637	,202.12413
43.09639	,202.23949
43.11641	,195.23505
43.13643	,196.26763
43.15645	,214.68726
43.17646	,206.56289
43.19648	,206.60835
43.2165	,218.07027
43.23652	,210.46258
43.25654	,218.19472
43.27656	,241.06686
43.29658	,243.39769
43.31659	,259.86961
43.33661	,270.10281
43.35663	,283.92201
43.37665	,299.29101
43.39667	,336.6995
43.41669	,414.55346
43.43671	,528.19592
43.45672	,649.53694
43.47674	,866.37102
43.49676	,1121.39317
43.51678	,1405.7257
43.5368	,1635.72926
43.55682	,1812.2575
43.57684	,1953.49487
43.59686	,2041.38962
43.61687	,2067.67619
43.63689	,2076.90721
43.65691	,2016.03183
43.67693	,1886.60875
43.69695	,1762.92893
43.71697	,1629.87825
43.73699	,1496.84006
43.757	,1347.51946
43.77702	,1246.95582
43.79704	,1142.73634
43.81706	,1008.39817
43.83708	,901.59458
43.8571	,807.26854
43.87712	,726.31576
43.89714	,662.97899
43.91715	,579.74142
43.93717	,536.0591
43.95719	,473.9415
43.97721	,416.55444
43.99723	,385.58583
44.01725	,344.47812
44.03727	,307.68528
44.05729	,294.91337
44.0773	,268.53328
44.09732	,265.45834
44.11734	,252.33056
44.13736	,249.77424
44.15738	,243.30747
44.1774	,240.63959
44.19742	,234.12439
44.21744	,231.30011
44.23745	,228.87984
44.25747	,239.78746
44.27749	,244.73381
44.29751	,247.08163
44.31753	,263.75567
44.33755	,281.31295
44.35757	,289.33109
44.37759	,315.21194
44.39761	,356.25831
44.41762	,393.57759
44.43764	,452.27692
44.45766	,522.82171
44.47768,	650.961
44.4977	,823.55739
44.51772	,1039.67335
44.53774	,1335.47625
44.55775	,1604.02254
44.57777	,1900.54874
44.59779	,2125.03098
44.61781	,2251.87986
44.63783	,2316.97593
44.65785	,2343.67819
44.67787	,2320.50227
44.69789	,2265.28062
44.71791	,2118.99069
44.73792	,1958.23207
44.75794	,1798.75341
44.77796	,1652.24351
44.79798	,1515.31234
44.818	,1346.38098
44.83802	,1212.8078
44.85804	,1101.92883
44.87806	,973.00697
44.89807	,881.58901
44.91809	,789.62876
44.93811	,717.37073
44.95813	,651.30702
44.97815	,590.5176
44.99817	,516.68147
45.01819	,477.59808
45.03821	,426.30802
45.05823	,374.42273
45.07824	,335.53057
45.09826	,311.38506
45.11828	,275.91014
45.1383,	253.41
45.15832	,232.92616
45.17834	,222.89958
45.19836	,202.76962
45.21838	,197.81045
45.2384	,192.70425
45.25841	,186.8866
45.27843	,180.67566
45.29845	,175.6307
45.31847	,179.88744
45.33849	,181.23233
45.35851	,170.40344
45.37853	,165.64742
45.39855	,169.02728
45.41856	,162.23783
45.43858	,167.00461
45.4586	,165.48256
45.47862	,167.57134
45.49864	,169.2791
45.51866	,167.48885
45.53868	,167.19464
45.5587	,160.4366
45.57872	,170.76881
45.59874	,164.57408
45.61875	,154.15937
45.63877	,147.62136
45.65879	,158.01332
45.67881	,157.05186
45.69883	,156.05347
45.71885	,158.28587
45.73887	,166.68157
45.75889	,159.87013
45.77891	,152.15995
45.79892	,161.69902
45.81894	,163.17004
45.83896	,165.5124
45.85898	,156.2579
45.879	,156.46148
45.89902	,160.33948
45.91904	,152.82909
45.93906	,158.49485
45.95908	,154.67695
45.9791	,152.64241
45.99912	,153.97216
46.01913	,150.65753
46.03915	,154.55931
46.05917	,162.09206
46.07919	,160.10237
46.09921	,159.52663
46.11923	,161.63219
46.13925	,153.86274
46.15927	,153.21385
46.17929	,141.79778
46.19931	,156.36098
46.21932	,157.61281
46.23934	,152.46302
46.25936	,149.43053
46.27938	,157.60248
46.2994	,157.02878
46.31942	,151.10304
46.33944,	151.289
46.35946	,141.71108
46.37948	,147.0599
46.3995	,153.00521
46.41952	,156.99694
46.43953	,162.16651
46.45955	,156.10412
46.47957	,148.83135
46.49959	,154.7331
46.51961	,162.01755
46.53963	,150.58822
46.55965	,149.36355
46.57967	,148.15592
46.59969	,152.72131
46.6197	,144.15734
46.63972	,146.94878
46.65974	,150.40292
46.67976	,144.79942
46.69978	,143.3004
46.7198	,147.02161
46.73982	,151.98936
46.75984	,153.17139
46.77986	,147.38041
46.79988	,143.29809
46.8199	,146.38253
46.83992	,154.63045
46.85994	,157.12957
46.87995	,155.18142
46.89997	,148.74027
46.91999	,154.15969
46.94001	,146.78168
46.96003	,151.53859
46.98005	,142.46336
47.00007	,149.67298
47.02009	,152.41404
47.04011	,156.16976
47.06013	,146.52017
47.08015	,144.15617
47.10016	,147.04738
47.12018	,143.44556
47.1402	,141.16209
47.16022	,146.84914
47.18024	,150.3227
47.20026	,133.04329
47.22028	,138.33404
47.2403	,135.16193
47.26032	,144.67567
47.28034	,144.49021
47.30036	,140.09136
47.32037	,139.82165
47.34039	,144.81254
47.36041	,149.23387
47.38043	,140.67876
47.40045	,141.65176
47.42047	,143.04723
47.44049	,148.68585
47.46051	,151.89683
47.48053	,144.17258
47.50055	,142.51206
47.52057	,146.14501
47.54059	,139.76428
47.56061	,145.80509
47.58062	,147.74606
47.60064	,141.61212
47.62066	,153.9255
47.64068	,151.98277
47.6607	,146.52362
47.68072	,139.65605
47.70074	,142.3762
47.72076	,146.4917
47.74078	,142.50514
47.7608	,141.81249
47.78082	,142.12913
47.80084	,148.93039
47.82086	,145.1387
47.84088	,155.7762
47.86089	,138.85458
47.88091	,139.89016
47.90093	,139.59416
47.92095	,149.53637
47.94097	,142.24482
47.96099	,145.95808
47.98101	,138.25174
48.00103	,153.71561
48.02105	,142.56847
48.04107	,147.46544
48.06109	,137.19486
48.08111	,140.1498
48.10113	,138.64955
48.12114	,139.38577
48.14116	,147.42827
48.16118	,139.66473
48.1812	,140.10294
48.20122	,148.89485
48.22124	,145.34841
48.24126	,137.09272
48.26128	,139.44809
48.2813,	148.8843
48.30132	,139.17443
48.32134	,141.87609
48.34136	,138.87588
48.36138	,136.99324
48.3814	,145.08939
48.40142	,151.07352
48.42143,	135.911
48.44145	,146.03303
48.46147	,142.10665
48.48149	,142.7649
48.50151	,138.5067
48.52153	,134.92883
48.54155	,134.95142
48.56157	,142.00418
48.58159	,140.90736
48.60161	,139.46733
48.62163	,145.63862
48.64165	,135.33254
48.66167	,139.84918
48.68169	,147.40533
48.70171	,147.74151
48.72173	,131.5909
48.74175	,147.7898
48.76176	,139.96633
48.78178	,132.93997
48.8018	,140.29814
48.82182	,141.64461
48.84184,	133.65
48.86186,	140.996
48.88188	,135.98311
48.9019	,138.13121
48.92192	,141.55161
48.94194	,136.53032
48.96196	,144.97891
48.98198	,137.73427
49.002	,135.89746
49.02202	,144.22916
49.04204	,138.79711
49.06206	,133.10839
49.08208	,136.07297
49.10209	,141.61052
49.12211	,136.41162
49.14213	,140.64061
49.16215	,139.89482
49.18217	,144.00113
49.20219	,135.12654
49.22221	,134.89836
49.24223	,135.75263
49.26225	,137.21326
49.28227	,144.75522
49.30229	,144.41428
49.32231	,144.15676
49.34233	,139.94899
49.36235	,141.83208
49.38237	,127.76413
49.40239	,142.13143
49.42241	,148.30967
49.44243	,133.42918
49.46245	,133.6238
49.48246	,137.28695
49.50249	,139.11252
49.5225	,139.21117
49.54252	,145.9455
49.56254	,132.53021
49.58256	,137.9112
49.60258	,139.24011
49.6226	,138.43147
49.64262	,142.65619
49.66264	,141.88651
49.68266	,139.57431
49.70268	,142.8414
49.7227	,140.55859
49.74272	,143.81604
49.76274	,143.17804
49.78276	,138.01352
49.80278	,136.90771
49.8228	,141.57402
49.84282	,142.01425
49.86284	,142.75626
49.88286	,151.50439
49.90288	,146.89009
49.92289	,141.13489
49.94291	,133.76249
49.96293	,141.95296
49.98295	,141.29985
50.00297,	139.217
50.02299	,148.05185
50.04301	,143.89676
50.06303	,148.67639
50.08305	,141.99168
50.10307	,148.79818
50.12309	,155.97127
50.14311	,150.74805
50.16313	,145.0327
50.18315	,148.39154
50.20317	,141.92164
50.22319	,154.02728
50.24321	,160.43947
50.26323	,160.86737
50.28325	,158.9108
50.30327	,161.04023
50.32329	,166.14328
50.34331	,163.91636
50.36333	,165.75625
50.38335	,178.87944
50.40337	,186.8473
50.42339	,181.42681
50.44341	,192.49323
50.46343	,208.13026
50.48344	,219.96912
50.50346	,224.90387
50.52348	,245.46728
50.5435	,264.88546
50.56352	,285.24773
50.58354	,317.07218
50.60356	,364.25266
50.62358	,420.26379
50.6436	,494.40436
50.66362	,563.06864
50.68364	,647.66458
50.70366	,708.2967
50.72368	,794.42335
50.7437	,828.51084
50.76372	,836.19672
50.78374	,857.39171
50.80376	,852.13443
50.82378	,834.35825
50.8438	,839.99074
50.86382	,801.44811
50.88384	,758.09442
50.90386	,711.75675
50.92388	,676.75678
50.9439	,620.58612
50.96392	,578.22385
50.98394	,536.61304
51.00396	,480.12779
51.02398	,435.37472
51.044	,398.60121
51.06402	,373.86263
51.08404	,349.97466
51.10406	,311.95042
51.12408	,293.00404
51.1441	,264.57268
51.16411	,252.4264
51.18414	,230.38909
51.20415	,219.79283
51.22418	,202.39828
51.24419	,193.17613
51.26421	,185.02167
51.28423	,180.67996
51.30425	,166.23278
51.32427	,154.67538
51.34429	,149.36191
51.36431	,155.76407
51.38433	,155.62375
51.40435	,147.66624
51.42437	,141.35245
51.44439	,145.51148
51.46441	,136.89292
51.48443	,144.42877
51.50445	,141.91433
51.52447	,146.42613
51.54449	,132.19887
51.56451	,140.29459
51.58453	,135.94716
51.60455	,135.97187
51.62457	,129.58802
51.64459	,129.79079
51.66461	,134.01684
51.68463	,137.45631
51.70465	,131.65102
51.72467	,129.79068
51.74469	,128.91763
51.76471	,132.48723
51.78473	,123.23197
51.80475	,124.29587
51.82477	,131.66215
51.84479	,130.11363
51.86481	,127.90332
51.88483	,128.7389
51.90485	,127.79108
51.92487	,120.79451
51.94489	,126.63242
51.96491	,130.21731
51.98493	,130.63484
52.00495	,127.78138
52.02497	,128.68522
52.04499	,120.83745
52.06501	,129.84983
52.08503	,121.37167
52.10505	,120.47147
52.12507	,119.80097
52.14509	,129.4116
52.16511	,128.57392
52.18513	,126.36936
52.20515	,127.22264
52.22517	,128.74403
52.24519	,123.58748
52.26521	,121.3903
52.28523	,131.56689
52.30525	,122.89749
52.32527	,122.09419
52.34529	,125.52439
52.36531	,125.38145
52.38533	,127.10519
52.40535	,125.81606
52.42537	,128.27037
52.44539	,126.40087
52.46541	,116.23817
52.48543	,121.89032
52.50545	,123.46047
52.52547	,122.99171
52.54549	,127.77181
52.56551,	124.984
52.58553	,120.46635
52.60555	,127.33241
52.62557	,122.21966
52.64559	,122.3944
52.66561	,128.22341
52.68563	,124.50009
52.70565	,123.96084
52.72567	,121.95626
52.74569	,124.34824
52.76571	,118.54893
52.78573	,123.6407
52.80575	,116.53504
52.82577	,117.28832
52.84579	,125.53838
52.86581	,120.59147
52.88583	,127.89116
52.90585	,130.31896
52.92587	,124.01226
52.94589	,113.25488
52.96591	,120.19861
52.98593	,124.18404
53.00595	,124.24119
53.02597	,127.68195
53.04599	,119.23594
53.06601	,124.08703
53.08603	,118.88331
53.10605	,123.46637
53.12607	,123.42223
53.14609	,130.40343
53.16611	,124.46984
53.18613	,124.01074
53.20615	,119.57893
53.22617	,115.92125
53.24619	,124.34124
53.26621	,130.2731
53.28623	,127.16119
53.30625	,124.30179
53.32627	,126.73048
53.34629	,119.46732
53.36631	,113.63425
53.38633	,119.84974
53.40635	,121.81207
53.42637	,123.36189
53.44639	,117.05665
53.46641	,118.90576
53.48643	,123.69163
53.50645	,123.44502
53.52647	,110.29247
53.54649	,123.21868
53.56651	,116.32154
53.58653	,115.05035
53.60655	,121.03934
53.62657,	117.335
53.6466	,112.34174
53.66661	,123.60036
53.68664	,119.59518
53.70666	,121.31089
53.72668	,123.38009
53.7467	,120.93605
53.76672	,116.31447
53.78674	,124.0582
53.80676	,125.0042
53.82678	,122.05962
53.8468	,119.71556
53.86682,	121.6903
53.88684	,117.66498
53.90686,	116.1465
53.92688	,116.79808
53.9469,	118.2628
53.96692	,118.91174
53.98694	,127.19023
54.00696	,116.99178
54.02698	,122.08884
54.047	,115.05741
54.06702	,116.18445
54.08704	,122.07357
54.10706	,119.64782
54.12708	,114.36922
54.1471	,118.68061
54.16712	,116.99716
54.18714	,117.58092
54.20716	,112.60003
54.22718	,109.59902
54.2472	,111.99834
54.26722,	109.3068
54.28724	,110.92582
54.30726	,110.50398
54.32728	,112.38648
54.3473	,121.71018
54.36732	,122.73112
54.38735	,118.88866
54.40737	,124.00193
54.42739	,108.04914
54.44741	,113.46871
54.46743	,112.03885
54.48745	,115.83494
54.50747	,116.05112
54.52749	,115.10925
54.54751	,116.61468
54.56753	,111.93882
54.58755	,116.16012
54.60757	,113.55859
54.62759	,111.52158
54.64761	,113.72747
54.66763	,109.34284
54.68765	,116.13892
54.70767	,114.80477
54.72769	,117.45008
54.74771	,114.0846
54.76773	,121.60186
54.78775	,120.55991
54.80777	,114.73858
54.82779	,119.53913
54.84781	,116.5083
54.86783	,121.3075
54.88786	,118.22562
54.90788	,117.72859
54.9279	,121.20434
54.94792	,116.4698
54.96794	,122.35478
54.98796	,117.14972
55.00798	,114.18338
55.028	,115.62229
55.04802	,114.36239
55.06804	,111.04832
55.08806	,113.30536
55.10808	,106.79827
55.1281	,106.56771
55.14812	,114.13297
55.16814	,116.27891
55.18816	,118.62422
55.20818	,115.49905
55.2282	,116.02015
55.24822	,111.48804
55.26824	,110.11303
55.28826	,118.27632
55.30828	,112.60268
55.32831	,113.10862
55.34833	,111.23289
55.36835	,111.78599
55.38837	,116.14732
55.40839	,116.11586
55.42841	,110.4389
55.44843	,112.41993
55.46845	,106.14249
55.48847	,114.65906
55.50849	,112.76906
55.52851	,112.18392
55.54853	,110.63433
55.56855	,114.25869
55.58857	,111.78631
55.60859	,108.12921
55.62861	,110.75276
55.64863	,118.77002
55.66866	,116.36562
55.68867	,112.2835
55.7087	,109.79243
55.72872	,112.44241
55.74874	,113.1079
55.76876	,108.42029
55.78878	,106.42994
55.8088	,113.99184
55.82882	,104.88885
55.84884	,105.89611
55.86886	,112.95452
55.88888	,114.12778
55.9089	,112.31422
55.92892	,109.67297
55.94894	,115.39306
55.96896	,110.23032
55.98898	,113.36497
56.00901	,120.41819
56.02903	,116.37697
56.04905	,114.32908
56.06907	,118.40392
56.08909	,108.84732
56.10911	,114.41836
56.12913	,109.68878
56.14915	,110.71307
56.16917	,107.63529
56.18919	,108.83443
56.20921,	109.417
56.22923	,110.32319
56.24925	,116.01175
56.26927	,114.14769
56.28929	,113.7355
56.30932	,115.59897
56.32934	,111.92001
56.34936	,108.4994
56.36938	,106.53732
56.3894	,114.24809
56.40942	,108.43221
56.42944	,108.9493
56.44946	,109.04632
56.46948	,105.85131
56.4895	,109.44034
56.50952	,103.71577
56.52954	,104.4384
56.54956	,108.86581
56.56959	,108.05851
56.58961	,107.34488
56.60963	,110.00728
56.62965	,111.62987
56.64967	,117.70402
56.66969	,113.92598
56.68971	,108.7383
56.70973	,109.58092
56.72975	,105.95986
56.74977	,106.06921
56.76979	,114.40594
56.78981	,115.0153
56.80983	,105.91617
56.82986	,104.49025
56.84988	,108.31707
56.8699	,113.35418
56.88992	,106.76378
56.90994	,105.91603
56.92996	,110.92025
56.94998	,116.94183
56.97	,116.92026
56.99002	,114.26015
57.01004	,101.76392
57.03006	,105.13826
57.05008	,104.02671
57.0701	,109.41126
57.09013	,102.34974
57.11015	,108.9184
57.13017	,109.42208
57.15019	,105.39229
57.17021	,110.06251
57.19023	,108.58079
57.21025	,102.75017
57.23027	,107.63387
57.25029	,106.53687
57.27031	,109.39644
57.29034	,109.68817
57.31036	,120.67486
57.33038	,111.1991
57.3504	,111.75746
57.37042	,106.26614
57.39044	,107.22162
57.41046	,106.87996
57.43048	,107.65971
57.4505	,109.02135
57.47052	,105.29073
57.49054	,103.93992
57.51056	,101.73835
57.53059	,111.14814
57.55061	,109.58661
57.57063	,109.07328
57.59065	,108.88956
57.61067	,108.79726
57.63069	,104.66449
57.65071	,110.98278
57.67073	,108.53229
57.69075	,107.24327
57.71078	,115.21974
57.7308	,107.0701
57.75082	,99.95154
57.77084	,105.47269
57.79086	,107.53993
57.81088	,103.81171
57.8309	,106.54898
57.85092	,102.27801
57.87094	,103.72191
57.89096	,106.65001
57.91099	,108.23142
57.93101	,110.20989
57.95103	,108.18312
57.97105	,108.95454
57.99107	,108.05357
58.01109	,107.85546
58.03111	,105.61774
58.05113	,112.25606
58.07115	,111.49259
58.09117	,104.72276
58.11119	,105.2413
58.13122	,104.36436
58.15124	,104.40169
58.17126	,110.18453
58.19128	,106.6375
58.2113	,104.1047
58.23132	,103.20844
58.25134	,107.80069
58.27136	,103.97004
58.29138	,112.8866
58.31141	,110.80286
58.33143,	105.674
58.35145	,102.55203
58.37147	,108.88568
58.39149	,106.64033
58.41151	,106.35862
58.43153	,106.09553
58.45155	,103.92979
58.47158	,103.7556
58.4916	,106.58456
58.51162	,106.97928
58.53164	,104.49988
58.55166	,108.02786
58.57168	,100.87695
58.5917	,103.76978
58.61172	,104.24561
58.63174	,103.13964
58.65176	,107.01224
58.67179	,108.20831
58.69181	,111.08737
58.71183	,108.95284
58.73185	,103.72709
58.75187	,107.41785
58.77189	,110.33925
58.79191	,110.8348
58.81194	,104.82849
58.83196	,110.19445
58.85198	,108.20367
58.872	,99.55352
58.89202	,105.0113
58.91204	,107.39884
58.93206	,105.70641
58.95208	,111.47153
58.9721	,112.57109
58.99213	,108.83322
59.01215	,108.66311
59.03217	,110.72378
59.05219	,107.05799
59.07221	,104.23339
59.09223	,110.84961
59.11225	,105.01039
59.13227	,99.31793
59.1523	,103.00545
59.17232	,102.55351
59.19234	,108.05041
59.21236	,101.01455
59.23238	,102.06588
59.2524	,101.12673
59.27242	,101.98824
59.29244	,109.0303
59.31247	,111.41462
59.33249	,105.20924
59.35251	,103.92347
59.37253	,102.55726
59.39255	,104.12259
59.41257	,101.92326
59.43259	,105.0807
59.45262	,104.07053
59.47264	,101.56857
59.49266	,108.14396
59.51268	,105.09112
59.5327	,102.52786
59.55272,	98.2629
59.57274	,105.49938
59.59277	,102.80495
59.61279	,98.47179
59.63281	,105.58713
59.65283,	101.919
59.67285,	102.428
59.69287	,99.93266
59.71289,	97.6707
59.73291	,100.39939
59.75294	,97.92128
59.77296	,99.06572
59.79298,	99.4268
59.813	,97.41274
59.83302	,106.4933
59.85304	,101.85467
59.87307	,98.38089
59.89309	,100.34816
59.91311	,101.00207
59.93313	,104.07121
59.95315	,105.84117
59.97317	,102.68357
59.99319	,100.35166
60.01321	,98.66796
60.03324	,108.77758
60.05326	,103.37393
60.07328	,108.73396
60.0933	,112.54749
60.11332	,107.25225
60.13334	,99.89926
60.15336	,105.90995
60.17339	,103.30268
60.19341	,102.31159
60.21343	,103.20063
60.23345	,111.42019
60.25347	,105.45665
60.27349,	105.1439
60.29352	,104.32927
60.31354	,105.34951
60.33356	,103.76188
60.35358	,102.14969
60.3736	,101.79639
60.39362,	102.3786
60.41364	,101.91104
60.43367	,105.63134
60.45369	,102.54312
60.47371	,98.57786
60.49373	,101.55584
60.51375	,99.09311
60.53377,	99.0043
60.5538	,93.24572
60.57382	,95.68193
60.59384	,99.60576
60.61386	,103.7538
60.63388	,104.63687
60.6539	,98.32234
60.67393	,98.35232
60.69395	,96.88367
60.71397	,107.83937
60.73399	,95.77108
60.75401	,101.03696
60.77403	,97.91806
60.79405	,100.66429
60.81408	,99.33826
60.8341	,100.14558
60.85412	,99.19466
60.87414	,102.58871
60.89416	,103.74354
60.91419	,107.41255
60.93421	,102.91662
60.95423	,99.73802
60.97425	,104.95671
60.99427	,95.31752
61.01429	,101.1664
61.03431	,101.2552
61.05434	,96.07889
61.07436	,100.46546
61.09438,	99.9781
61.1144	,92.82275
61.13442	,97.37521
61.15445	,100.04962
61.17447	,103.05782
61.19449	,100.09299
61.21451,	97.9984
61.23453	,99.33778
61.25455	,98.84809
61.27458	,99.06197
61.2946	,101.29884
61.31462	,101.27906
61.33464	,105.07484
61.35466	,99.73082
61.37468	,96.58064
61.39471	,102.59845
61.41473	,100.84457
61.43475	,95.03067
61.45477	,100.63425
61.47479	,103.07822
61.49482	,98.73886
61.51484	,102.3372
61.53486	,107.3525
61.55488	,104.22592
61.5749	,95.94519
61.59492	,92.96016
61.61495	,97.14335
61.63497	,98.82505
61.65499	,98.46456
61.67501	,99.51422
61.69503	,95.94422
61.71506	,101.67776
61.73508	,96.18598
61.7551	,96.54713
61.77512	,101.6888
61.79514	,95.16634
61.81516	,99.36001
61.83519	,95.83561
61.85521	,101.04045
61.87523	,100.58496
61.89525	,100.51594
61.91527	,98.90829
61.9353	,108.01433
61.95532	,96.47892
61.97534	,102.52092
61.99536	,100.97851
62.01538	,103.66365
62.03541	,99.95679
62.05543	,102.19057
62.07545	,100.65609
62.09547	,96.76605
62.11549	,103.46261
62.13551	,102.37997
62.15554	,100.01841
62.17556	,98.84293
62.19558	,93.81718
62.2156	,101.68168
62.23562	,102.81515
62.25565	,101.69164
62.27567	,104.22026
62.29569	,94.22592
62.31571	,94.00781
62.33573	,100.56619
62.35576,	96.207
62.37578	,98.85321
62.3958	,104.66845
62.41582	,101.79635
62.43585	,104.91872
62.45587,	96.5477
62.47589	,100.52984
62.49591	,111.51853
62.51593	,102.74378
62.53595	,94.22076
62.55598	,96.00723
62.576	,100.98823
62.59602	,102.05494
62.61604	,107.58135
62.63606	,100.9194
62.65609	,105.00948
62.67611	,102.32855
62.69613	,105.68511
62.71615	,100.16161
62.73617	,102.24627
62.7562	,99.82855
62.77622	,100.32597
62.79624	,104.66766
62.81626	,95.56209
62.83629	,93.47858
62.85631	,94.46098
62.87633	,101.00456
62.89635	,104.98686
62.91637	,92.09834
62.9364	,99.20011
62.95642	,101.62974
62.97644	,97.86275
62.99646	,99.76642
63.01648	,102.84163
63.03651	,95.59204
63.05653	,96.41381
63.07655	,95.61318
63.09657	,97.93127
63.1166	,92.61332
63.13662	,98.53988
63.15664	,98.10989
63.17666	,95.07425
63.19668,	98.4238
63.21671	,97.84308
63.23673	,97.91044
63.25675	,99.30037
63.27677	,94.59194
63.29679	,99.28795
63.31682	,90.92031
63.33684	,91.26731
63.35686	,97.43588
63.37688	,101.48629
63.39691	,102.92289
63.41693	,98.06509
63.43695	,93.70131
63.45697	,98.59524
63.477	,97.71877
63.49702	,101.54436
63.51704	,102.32683
63.53706	,104.02731
63.55708,	98.7079
63.57711	,101.50456
63.59713	,96.30264
63.61715	,97.02743
63.63717	,100.71128
63.6572	,97.68489
63.67722	,94.90634
63.69724	,98.05321
63.71726	,96.36618
63.73729	,102.81443
63.75731	,97.59097
63.77733	,99.93821
63.79735	,105.06157
63.81737	,97.86953
63.8374	,92.90902
63.857,42	96.16
63.87744	,92.39253
63.89746	,98.39273
63.91749	,98.51133
63.93751	,95.04537
63.95753	,97.94046
63.97755	,97.47034
63.99758	1,03.07493
64.0176	,99.04142
64.03762	,96.41689
64.05764	,97.06737
64.07767,	99.329
64.09769	,96.72549
64.11771	,92.92074
64.13773	,96.45063
64.15775	,96.00109
64.17778	,98.33824
64.1978	,100.65967
64.21782	,103.27115
64.23785	,95.61234
64.25787	,91.15045
64.27789	,101.52221
64.29791	,101.93492
64.31793	,103.08242
64.33796	,95.14706
64.35798	,99.87491
64.378	,95.06939
64.39802	,105.15139
64.41805	,106.46819
64.43807	,100.66598
64.45809	,97.68672
64.47811	,93.27766
64.49814	,104.06777
64.51816	,99.51816
64.53818	,103.8128
64.5582	,111.66752
64.57823	,106.15161
64.59825	,97.43095
64.61827	,106.38097
64.63829	,102.67555
64.65832	,115.87372
64.67834	,112.33453
64.69836	,114.76487
64.71839	,122.64805
64.73841	,124.77589
64.75843	,130.64516
64.77845	,138.3331
64.79848	,138.19236
64.8185	,153.8113
64.83852	,161.17862
64.85854	,165.73394
64.87856	,172.60692
64.89859	,179.2005
64.91861	,186.60229
64.93863	,184.67137
64.95866	,192.37807
64.97868	,193.79022
64.9987	,204.71665
65.01872	,214.41411
65.03875	,215.98775
65.05877	,215.04655
65.07879	,221.35528
65.09881	,209.20675
65.11884	,206.42734
65.13886	,204.06382
65.15888	,203.51674
65.1789	,207.25212
65.19893	,202.94515
65.21895	,195.33026
65.23897	,177.22977
65.259	,179.36678
65.27902	,173.38686
65.29904	,164.62308
65.31906	,163.57312
65.33909	,157.39608
65.35911	,148.78341
65.37913	,139.45464
65.39916	,126.8795
65.41918	,127.48549
65.4392	,120.31021
65.45922	,121.28987
65.47925	,118.57293
65.49927	,115.51926
65.51929	,108.57377
65.53931	,108.84071
65.55934	,108.21586
65.57936	,98.37308
65.59938	,96.58278
65.61941	,101.24033
65.63943	,98.33901
65.65945	,103.43173
65.67947	,102.03454
65.6995	,98.88071
65.71952	,102.11385
65.73954	,100.82446
65.75956	,95.13743
65.77959	,95.50044
65.79961	,99.61379
65.81963	,94.92766
65.83966,	96.3712
65.85968	,95.38292
65.8797	,94.73777
65.89972,	97.8896
65.91975	,94.35571
65.93977	,95.06138
65.95979,	95.6933
65.97982	,96.41518
65.99984	,90.87322
66.01986	,88.66231
66.03988	,97.04556
66.05991,	91.6774
66.07993	,90.76101
66.09995	,95.34347
66.11998	,93.52881
66.14	,95.81362
66.16002	,90.62393
66.18004	,95.90848
66.20007	,96.61623
66.22009	,90.32882
66.24011	,90.48463
66.26014	,89.35009
66.28016,	95.9297
66.30018	,97.17431
66.32021	,88.18558
66.34023	,93.51433
66.36025	,91.53454
66.38027	,95.90556
66.4003	,94.22909
66.42032	,90.06185
66.44034	,95.18083
66.46037	,96.00921
66.48039	,92.28771
66.50041,	91.3284
66.52044	,96.84623
66.54046	,96.14108
66.56048,	97.1253
66.58051	,92.67161
66.60053	,90.92031
66.62055	,90.72251
66.64057	,98.72694
66.6606	,87.85484
66.68062	,89.74165
66.70064	,94.97416
66.72067,	91.5316
66.74069	,92.44014
66.76071	,91.82166
66.78074	,93.90878
66.80076	,93.46132
66.82078	,89.44809
66.8408	,90.55287
66.86083,	90.4003
66.88085	,87.47425
66.90087	,88.95476
66.9209	,92.11083
66.94092,	90.9942
66.96094	,82.24618
66.98097	,92.08565
67.00099	,93.69064
67.02101	,90.42332
67.04103	,90.42072
67.06106,	96.5112
67.08108	,88.55181
67.10111	,100.5371
67.12113	,91.03345
67.14115	,91.24617
67.16118	,88.15533
67.1812	,96.29857
67.20122	,89.08604
67.22124,	90.6986
67.24127	,95.25977
67.26129	,94.59116
67.28131	,93.25965
67.30134	,91.45056
67.32136,	98.5983
67.34138,	97.4459
67.36141,	93.1374
67.38143	,98.01786
67.40145	,93.77561
67.42148,	89.1118
67.4415	,92.43076
67.46152	,98.11827
67.48155	,90.68336
67.50157	,89.82774
67.52159	,89.38474
67.54162	,90.43552
67.56164	,88.96836
67.58166,	92.397
67.60169	,92.29828
67.62171	,92.07816
67.64173	,85.99154
67.66176	,89.24814
67.68178	,87.40271
67.7018	,91.20405
67.72183	,91.83963
67.74185	,85.76641
67.76187	,87.87526
67.7819,	89.2172
67.80192,	94.4682
67.82194	,91.74829
67.84197	,87.38233
67.86199	,91.20853
67.88201,	91.2354
67.90204	,91.46492
67.92206	,87.18067
67.94208	,85.50179
67.96211	,88.27878
67.98213	,95.55857
68.00215	,92.63281
68.02218	,100.77993
68.0422	,92.26846
68.06222	,84.27568
68.08225	,88.27792
68.10227	,88.56198
68.12229	,88.71166
68.14232	,87.42768
68.16234	,88.16734
68.18236	,87.10565
68.20239	,86.36767
68.22241	,85.67406
68.24243	,91.14847
68.26246	,92.53411
68.28248,	92.6486
68.30251	,91.92908
68.32253	,95.45628
68.34255	,91.39376
68.36258	,90.97244
68.3826	,88.86297
68.40262	,87.94152
68.42265,	95.2781
68.44267	,92.63665
68.46269,	93.4492
68.48272	,89.10581
68.50274	,87.28059
68.52276	,92.35624
68.54279	,90.30959
68.56281	,87.25689
68.58283	,85.14837
68.60286	,88.23482
68.62288	,91.15023
68.6429	,90.16158
68.66293	,87.24118
68.68295	,90.82414
68.70298	,90.49876
68.723	,91.92102
68.74302	,90.89578
68.76305	,90.46133
68.78307,	82.6999
68.80309	,87.58435
68.82312	,87.67266
68.84314	,87.72538
68.86316	,89.93519
68.88319	,89.00187
68.90321	,93.47672
68.92324	,89.80113
68.94326	,89.47114
68.96328	,96.17636
68.98331	,93.76522
69.00333	,85.62423
69.02335	,90.81245
69.04338	,92.23873
69.0634	,96.62049
69.08343	,91.38345
69.10345,	89.3995
69.12347	,86.98432
69.1435	,91.14942
69.16352	,91.85418
69.18355	,89.91258
69.20357	,94.62271
69.22359	,94.03662
69.24362	,90.31117
69.26364,	88.7886
69.28366	,86.97402
69.30369	,89.18798
69.32371	,88.04013
69.34373	,86.85857
69.36376	,92.15399
69.38378	,88.96468
69.40381	,91.41139
69.42383	,86.04278
69.44385	,91.65023
69.46388	,88.67432
69.4839,	91.1308
69.50393	,88.41351
69.52395	,88.18347
69.54397	,91.05543
69.564	,91.65157
69.58402	,91.65482
69.60405,	93.984
69.62407	,96.89194
69.64409	,96.73647
69.66412	,90.07547
69.68414	,87.44659
69.70416	,88.65015
69.72419	,91.25681
69.74421	,88.95004
69.76424	,90.30823
69.78426	,88.09187
69.80428	,86.43825
69.82431,	87.6063
69.84433	,90.07723
69.86436	,84.14499
69.88438	,82.88288
69.9044	,86.47508
69.92443	,85.70542
69.94445	,85.83705
69.96448	,86.07908
69.9845	,89.67988
70.00452,	92.4514
70.02455	,85.59556
70.04457	,87.62358
70.0646,	87.5667
70.08462	,95.06981
70.10464	,92.53685
70.12467	,96.73036
70.14469	,91.91327
70.16472	,95.15651
70.18474	,89.67286
70.20476	,85.14439
70.22479	,90.71491
70.24481	,87.89367
70.26484	,85.78717
70.28486	,81.28221
70.30488	,89.92328
70.32491	,88.52385
70.34493	,85.70477
70.36496,	91.3496
70.38498	,92.24088
70.405	,89.36345
70.42503	,89.84423
70.44505	,85.64151
70.46508	,88.04289
70.4851	,91.23374
70.50513	,90.32954
70.52515	,84.90413
70.54517	,93.01926
70.5652	,88.81807
70.58522,	86.0863
70.60525	,91.51391
70.62527	,89.81631
70.64529	,90.68642
70.66532	,91.14348
70.68534,	90.6636
70.70537	,87.23177
70.72539	,96.61691
70.74542	,87.88197
70.76544	,91.07448
70.78546	,83.42006
70.80549	,86.54998
70.82551	,86.57218
70.84554	,78.48266
70.86556,	85.0957
70.88558	,86.64896
70.90561	,87.77518
70.92563	,92.38231
70.94566	,94.66056
70.96568,	89.1376
70.98571	,88.08338
71.00573	,87.98554
71.02575	,83.23811
71.04578	,88.87983
71.0658	,91.15391
71.08583	,90.13555
71.10585,	88.9612
71.12588	,86.55242
71.1459	,94.09286
71.16592	,83.14459
71.18595	,92.47476
71.20597	,93.06655
71.226	,88.62459
71.24602,	88.9013
71.26605	,80.04442
71.28607	,87.16937
71.30609	,85.16291
71.32612	,86.79319
71.34614	,90.29969
71.36617	,86.16472
71.38619	,92.09614
71.40622	,90.02718
71.42624	,90.13021
71.44627	,90.15609
71.46629	,93.08142
71.48631	,92.31775
71.50634	,86.20442
71.52636	,92.19053
71.54639	,89.37745
71.56641,	84.0479
71.58644	,84.10841
71.60646	,87.98707
71.62649	,90.13294
71.64651	,91.06352
71.66653	,90.28515
71.68656	,88.67971
71.70658	,88.43918
71.72661	,88.82651
71.74663	,86.38999
71.76666	,85.72355
71.78668	,90.78179
71.80671	,84.25229
71.82673	,87.43216
71.84675	,88.32993
71.86678	,83.56511
71.8868	,88.53877
71.90683	,85.32784
71.92685,	88.306
71.94688	,89.29267
71.9669	,89.85547
71.98693	,80.47204
72.00695	,82.99797
72.02698	,83.98778
72.047	,84.79259
72.06703	,88.27099
72.08705	,85.19321
72.10707	,90.08046
72.1271	,89.10184
72.14712	,87.38423
72.167,15	83.03
72.18717	,88.09187
72.2072	,87.72566
72.22722	,86.31291
72.24725,	82.6218
72.26727	,90.99084
72.2873	,88.18949
72.30732	,91.41432
72.32735	,90.16365
72.34737	,86.34356
72.3674	,86.21723
72.38742,	93.1777
72.40745	,94.09474
72.42747,	91.0575
72.44749	,85.58493
72.46752,	81.8777
72.48754	,94.05013
72.50757	,88.29164
72.52759	,88.35225
72.54762	,86.90607
72.56764	,86.40211
72.58767	,94.14201
72.60769	,94.41985
72.62772	,91.17323
72.64774	,91.47413
72.66777	,88.20666
72.68779	,82.93313
72.70782	,90.73387
72.72784	,87.63465
72.74787	,88.01899
72.76789	,88.67886
72.78792	,85.25198
72.80794	,87.76812
72.82797	,94.68756
72.84799,	95.0809
72.86802,	88.335
72.88804	,85.82883
72.90806	,80.82858
72.92809,	82.8997
72.94812	,85.17234
72.96814	,86.95833
72.98816	,88.17469
73.00819	,89.14102
73.02821	,95.35113
73.04824,	87.5161
73.06826	,91.95431
73.08829	,90.23509
73.10831	,86.24648
73.12834	,88.99968
73.14836	,92.82482
73.16839	,88.08504
73.18841	,88.31095
73.20844	,88.23327
73.22846	,92.12728
73.24849	,87.69674
73.26851,	85.4742
73.28854	,89.39956
73.30856	,90.71621
73.32859	,88.14804
73.34861	,87.42697
73.36864	,91.42533
73.38866	,90.91486
73.40869	,92.97419
73.42871	,85.75308
73.44874	,89.94579
73.46876	,84.05333
73.48879	,88.10436
73.50881	,86.23316
73.52884	,86.01556
73.54886	,93.78499
73.56889	,92.68153
73.58891	,92.92937
73.60894	,88.53767
73.62896	,82.08647
73.64899	,89.34743
73.66902	,87.62006
73.68904	,93.35638
73.70907	,87.80809
73.72909	,88.91424
73.74912	,92.18681
73.76914	,91.98417
73.78917	,91.92934
73.80919	,83.85112
73.82922	,87.27223
73.84924	,88.32855
73.86927	,94.20727
73.88929	,95.77584
73.90932	,90.47512
73.92934	,90.40573
73.94937	,87.33455
73.96939	,84.52863
73.98942	,84.23392
74.00944	,90.26226
74.02947	,92.55701
74.04949,	95.1764
74.06952,	90.0423
74.08954	,88.17133
74.10957	,102.18095
74.12959,	93.4425
74.14962	,91.97639
74.16964	,97.13672
74.18967	,99.05017
74.2097	,105.66966
74.22972	,97.72426
74.24975	,101.68832
74.26977	,110.39465
74.2898	,104.45838
74.30982,	106.6141
74.32985	,114.66405
74.34987	,122.79934
74.3699	,126.69663
74.38992	,147.91961
74.40995	,149.69916
74.42998	,167.78344
74.45	,191.62649
74.47003	,228.66561
74.49005,	264.8707
74.51008	,277.94785
74.5301	,309.92971
74.55013	,322.95484
74.57015	,335.73287
74.59018	,340.94737
74.6102,	342.3914
74.63023	,346.72803
74.65025	,328.85502
74.67028,	339.8645
74.69031	,339.69056
74.71033	,340.41154
74.73036	,340.57736
74.75038	,332.20759
74.77041	,327.18622
74.79043	,318.73363
74.81046,	311.341
74.83048	,291.80531
74.85051,	285.1207
74.87053	,256.63758
74.89056	,244.38089
74.91059	,218.34046
74.93061	,214.40421
74.95064	,199.07772
74.97066	,182.48103
74.99069	,176.90799
75.01071	,154.88698
75.03074	,153.27241
75.05076	,141.96246
75.07079	,132.14087
75.09082	,130.03582
75.11084	,118.99666
75.13087	,108.77571
75.15089	,106.27347
75.17092	,112.89666
75.19094	,109.91318
75.21097	,107.51789
75.231	,96.80349
75.25102	,100.41733
75.27105	,96.95064
75.29107	,98.25403
75.3111	,99.68858
75.33112	,98.54986
75.35115	,95.98412
75.37118	,94.88121
75.3912	,100.13529
75.41123	,82.40221
75.43125	,88.04868
75.45128	,77.99402
75.4713	,85.34851
75.49133	,89.91929
75.51135	,89.59725
75.53138	,88.07779
75.55141	,95.61165
75.57143	,91.40486
75.59146	,90.82003
75.61148	,85.20839
75.63151	,87.10732
75.65153	,85.49367
75.67156	,89.97856
75.69159	,85.66577
75.71161	,92.28174
75.73164	,90.00176
75.75166	,83.66133
75.77169,	89.3144
75.79172	,78.54427
75.81174	,79.29281
75.83177	,83.94885
75.85179	,88.52833
75.87182	,88.84987
75.89185	,84.03059
75.91187	,81.83478
75.9319	,87.37912
75.95192	,87.15295
75.97195,	82.3822
75.99197	,84.82078
76.012	,89.55517
76.03203	,84.52589
76.05205	,92.16476
76.07208	,89.53168
76.0921	,86.43004
76.11213	,82.45665
76.13216	,82.62813
76.15218	,80.18504
76.17221	,81.81333
76.19223	,87.85077
76.21226,	89.0242
76.23229	,85.65532
76.25231	,89.53774
76.27234,	85.1395
76.29236	,88.92116
76.31239	,87.40236
76.33242	,82.55103
76.35244	,89.56893
76.37247	,88.98229
76.3925	,86.91601
76.41252	,83.52623
76.43255	,83.46835
76.45257	,83.49723
76.4726	,85.87097
76.49263	,86.98362
76.51265,	85.3047
76.53268	,79.28305
76.5527	,87.77636
76.57273	,79.49377
76.59276	,81.48339
76.61278	,85.45205
76.63281	,86.51913
76.65283	,87.49701
76.67286	,84.49367
76.69289	,83.49099
76.71291	,85.48826
76.73294	,91.50967
76.75297	,90.01838
76.77299	,80.22065
76.79302	,83.84526
76.81304	,92.26935
76.83307	,86.10242
76.8531,	85.1803
76.87312	,82.67006
76.89315	,83.89957
76.91318	,83.70524
76.9332	,83.66763
76.95323	,78.38978
76.97325	,77.83534
76.99328	,80.17996
77.01331	,85.88086
77.03333	,80.37647
77.05336,	81.9622
77.07339	,86.45471
77.09341	,88.22671
77.11344	,90.30773
77.13346	,94.83465
77.15349	,88.77203
77.17352	,90.09984
77.19354	,77.97768
77.21357	,83.47449
77.2336	,79.60958
77.25362	,78.36005
77.27365	,84.20062
77.29367	,91.41524
77.3137	,85.92253
77.33373	,84.21984
77.35375	,87.19227
77.37378	,88.04898
77.39381	,83.45395
77.41383	,84.97023
77.43386	,84.51162
77.45389	,94.78472
77.47391	,87.16349
77.49394,	78.2368
77.51397	,80.30197
77.53399,	79.453
77.55402	,80.79765
77.57405	,78.04483
77.59407	,78.78142
77.6141	,86.66829
77.63412	,81.06318
77.65415,	81.6961
77.67418	,87.36664
77.6942	,87.59124
77.71423	,87.97378
77.73426	,86.67428
77.75428	,87.97643
77.77431	,90.60716
77.79434	,83.12222
77.81436	,88.23049
77.83439	,85.21236
77.85442	,82.08467
77.87444	,78.11982
77.89447	,84.28771
77.9145	,87.75768
77.93452	,80.07485
77.95455	,80.53066
77.97458	,76.34734
77.9946	,81.38962
78.01463	,82.38662
78.03466	,86.38856
78.05468	,84.23914
78.07471,	84.0556
78.09474	,80.97333
78.11476	,88.41988
78.13479	,83.99022
78.15482	,88.78502
78.17484	,81.83046
78.19487	,85.03948
78.2149	,83.41058
78.23492	,83.31077
78.25495	,80.06662
78.27498	,85.24829
78.295,	87.4001
78.31503	,79.39681
78.33506	,86.04736
78.35508	,86.00788
78.37511	,85.67193
78.39514	,88.02512
78.41516	,84.04402
78.43519,	82.1037
78.45522,	84.0524
78.47524	,86.67648
78.49527	,84.17102
78.5153	,81.89282
78.53532	,84.85055
78.55535	,86.35328
78.57538	,82.23666
78.59541	,77.07404
78.61543	,81.49261
78.63546	,83.75625
78.65549	,84.73244
78.67551	,76.01092
78.69554	,81.19625
78.71557	,78.96417
78.73559	,77.00603
78.75562	,79.16733
78.77565	,88.16432
78.79568	,83.01613
78.8157,	83.2847
78.83573	,89.01387
78.85576	,87.19524
78.87578	,82.34137
78.89581	,81.86102
78.91584	,79.26259
78.93586	,79.23177
78.95589	,87.00625
78.97592	,80.67509
78.99595	,81.27839
79.01597	,83.65548
79.036	,79.03312
79.05603	,84.71964
79.07605	,83.41965
79.09608	,79.51439
79.11611	,80.97638
79.13613	,78.17576
79.15616	,84.93436
79.17619	,84.36984
79.19622,	82.2699
79.21624	,88.03325
79.23627	,83.33512
79.2563	,87.91082
79.27632	,81.79457
79.29635	,79.56905
79.31638,	83.1424
79.3364	,79.18229
79.35643	,81.96518
79.37646	,88.06999
79.39649	,87.76432
79.41651	,83.26398
79.43654	,89.88566
79.45657	,86.02147
79.4766	,79.06815
79.49662	,84.63876
79.51665	,82.09483
79.53668	,84.02406
79.5567	,87.81086
79.57673,	84.1925
79.59676	,83.59777
79.61679	,76.10429
79.63681	,84.24181
79.65684	,83.43792
79.67687	,82.70211
79.69689	,88.69191
79.71692	,90.42675
79.73695	,82.53113
79.75698	,84.96565
79.777,	85.0417
79.79703	,81.85203
79.81706	,78.43663
79.83709	,85.07812
79.85711	,87.78679
79.87714	,86.52515
79.89717	,84.12493
79.9172	,85.81719
79.93722	,89.35583
79.95725	,84.15696
79.97728	,81.30182
79.99731	,82.20453
80.01733	,81.84516
80.03736	,84.13329
80.05739	,82.80228
80.07741	,87.39647
80.09744	,80.13315
80.11747	,86.84689
80.1375	,80.40579
80.15753	,78.73294
80.17755	,85.31801
80.19758	,87.61891
80.21761	,84.74057
80.23763	,79.63568
80.25766,	84.5551
80.27769	,82.75557
80.29772	,81.99574
80.31775	,82.15607
80.33777	,85.05979
80.3578	,82.43733
80.37783	,86.68661
80.39786	,86.33544
80.41788	,84.48527
80.43791	,84.19765
80.45794	,83.34834
80.47797,	84.4335
80.49799	,86.16568
80.51802	,81.52788
80.53805	,81.01438
80.55808	,86.13775
80.5781	,80.80773
80.59813	,85.28116
80.61816	,81.50774
80.63819	,87.33541
80.65822	,85.11208
80.67824	,83.68895
80.69827	,84.47223
80.7183	,77.09282
80.73833	,78.79433
80.75835	,82.96055
80.77838	,82.45864
80.79841	,79.88238
80.81844	,84.28554
80.83846	,86.63261
80.85849	,90.79426
80.87852	,85.68639
80.89855	,85.44141
80.91857	,85.25027
80.9386	,88.49153
80.95863	,84.15586
80.97866	,84.56055
80.99869	,82.13263
81.01872	,81.74965
81.03874	,82.72284
81.05877	,85.38466
81.0788	,80.21527
81.09883,	79.3883
81.11885	,87.32152
81.13888	,81.08224
81.15891	,82.55894
81.17894	,89.23795
81.19897	,83.26897
81.21899,	85.1033
81.23902	,89.17599
81.25905	,85.37278
81.27908	,87.96501
81.2991	,87.09464
81.31913	,85.00287
81.33916,	81.4539
81.35919	,84.13259
81.37922	,93.70368
81.39924	,86.66227
81.41927	,85.58129
81.4393	,82.17745
81.45933	,84.96577
81.47936	,91.05014
81.49939	,85.23338
81.51941	,86.41741
81.53944	,85.95658
81.55947	,85.86748
81.5795	,88.35051
81.59952	,93.51485
81.61955	,88.01184
81.63958	,93.80628
81.65961	,93.47596
81.67964	,87.47009
81.69967	,93.52984
81.71969	,93.77227
81.73972	,97.41778
81.75975	,94.79208
81.77978,	101.898
81.79981	,104.08842
81.81984	,108.58007
81.83986	,102.42847
81.85989	,109.04806
81.87992	,115.38657
81.89995,	121.3032
81.91998	,127.55326
81.94	,133.01944
81.96003	,143.29503
81.98006	,147.16417
82.00009	,176.97599
82.02012,	192.1386
82.04015	,225.67361
82.06017	,257.58287
82.0802	,278.90505
82.10023	,313.41112
82.12026	,351.40153
82.14029	,364.45326
82.16032	,361.87497
82.18034,	360.6564
82.20037	,351.09947
82.2204	,344.71293
82.24043	,347.06671
82.26046	,341.47595
82.28049	,353.41085
82.30051,	344.461
82.32054	,344.57457
82.34057	,352.24315
82.3606	,352.91913
82.38063	,354.05885
82.40066	,356.99821
82.42068	,330.03054
82.44071	,313.78683
82.46074	,290.28198
82.48077	,275.90687
82.5008	,240.63999
82.52083	,239.21952
82.54085	,225.29386
82.56088	,200.48641
82.58091	,196.17216
82.60094	,183.12722
82.62097	,171.55725
82.641	,166.64407
82.66103,	151.2833
82.68105	,145.69295
82.70108	,134.85815
82.72111	,129.87152
82.74114	,125.68107
82.76117,	117.8604
82.7812	,115.87743
82.80123	,111.22256
82.82125	,96.61482
82.84128	,96.58811
82.86131	,94.68071
82.88134	,93.16313
82.90137	,94.58208
82.9214	,91.33851
82.94143,	91.4023
82.96145	,93.90949
82.98148	,89.20667
83.00151,	95.4187
83.02154,	88.8335
83.04157	,90.60141
83.0616	,91.44713
83.08163	,84.93432
83.10166	,88.40213
83.12169	,85.72489
83.14171	,80.62547
83.16174	,81.58757
83.18177,	77.2785
83.2018	,83.98025
83.22183	,82.81217
83.24186	,85.11401
83.26189	,88.84805
83.28191	,84.48731
83.30194	,86.06751
83.32197	,84.49819
83.342	,83.80092
83.36203	,87.90196
83.38206	,82.89646
83.40209	,82.59622
83.42212	,78.72347
83.44215	,83.96168
83.46218	,81.10682
83.4822	,83.86776
83.50223	,86.49666
83.52226,	83.8658
83.54229	,81.83061
83.56232	,77.50817
83.58235	,85.21509
83.60238	,84.94305
83.62241	,81.23962
83.64244,	79.8389
83.66246	,80.19901
83.68249	,82.31774
83.70252	,77.66396
83.72255	,83.59396
83.74258	,83.16478
83.76261	,83.94068
83.78264	,82.23153
83.80267,	84.3191
83.8227	,76.93572
83.84272	,78.50971
83.86275	,83.81757
83.88278	,81.64182
83.90281	,79.83458
83.92284	,80.75892
83.94287	,83.47718
83.9629	,85.15599
83.98293	,86.54676
84.00296	,78.09006
84.02299	,84.53861
84.04302,	79.4941
84.06305	,83.26466
84.08308	,86.32628
84.1031	,83.24564
84.12313	,79.26475
84.14316,	86.5188
84.16319,	83.1257
84.18322	,84.60765
84.20325	,85.86832
84.22328,	80.3181
84.24331	,80.95396
84.26334,	81.0186
84.28337	,78.12037
84.3034	,80.58881
84.32342	,90.19363
84.34345	,82.21499
84.36348	,83.32695
84.38351	,82.83674
84.40354	,79.82324
84.42357	,82.65432
84.4436	,79.74738
84.46363	,84.34651
84.48366	,81.37282
84.50369	,83.94121
84.52372	,82.04501
84.54375	,80.88791
84.56378	,83.59878
84.58381	,82.99836
84.60384,	79.3395
84.62387	,79.46336
84.6439	,80.46549
84.66393,	76.8876
84.68395	,75.17792
84.70398	,82.89571
84.72401	,83.64927
84.74404	,83.99592
84.76407	,83.17631
84.7841	,82.70437
84.80413	,82.26329
84.82416	,88.17223
84.84419	,81.42617
84.86422	,77.86057
84.88425	,81.70853
84.90428	,85.58425
84.92431	,79.51973
84.94434	,84.91793
84.96437	,75.77656
84.9844	,77.61781
85.00443	,82.53499
85.02446	,85.02075
85.04449	,90.58787
85.06452	,81.80051
85.08455,	80.0142
85.10458	,77.97274
85.1246,	80.9366
85.14463	,74.08624
85.16466	,81.66928
85.18469	,80.21344
85.20472,	84.092
85.22475	,86.83627
85.24478	,85.19724
85.26481,	84.6724
85.28484	,83.29106
85.30487	,77.50996
85.3249	,80.47332
85.34493	,80.47409
85.36496	,80.57898
85.38499	,78.96137
85.40502	,82.18691
85.42505	,80.93048
85.44508	,78.93713
85.46511	,77.90956
85.48514	,79.28855
85.50517	,77.65068
85.5252	,83.35906
85.54523	,82.26977
85.56526	,79.74081
85.58529	,80.71644
85.60532	,80.38164
85.62535	,80.81305
85.64538	,79.10353
85.66541	,73.46161
85.68544,	81.115
85.70547	,79.21267
85.7255	,82.70173
85.74553	,85.27748
85.76556	,80.99758
85.78559	,82.94489
85.80562,	79.1613
85.82565	,78.14554
85.84568	,82.84776
85.86571	,76.58529
85.88574,	73.795
85.90577	,76.42334
85.9258	,83.40403
85.94583	,79.23023
85.96586	,80.13325
85.98589	,80.79094
86.00592	,78.64639
86.02595	,80.92407
86.04598	,78.42263
86.06601,	79.7081
86.08604	,84.47074
86.10607	,79.69544
86.1261	,80.33947
86.14613,	85.8132
86.16616,	84.8197
86.18619	,80.57022
86.20622	,82.95314
86.22625	,86.51471
86.24628	,89.36196
86.26631	,83.71732
86.28634	,82.19896
86.30637	,79.32771
86.3264	,86.36957
86.34643	,82.55487
86.36646	,80.52592
86.38649	,78.20678
86.40652	,77.87585
86.42655	,80.81718
86.44658	,82.60079
86.46661	,82.96733
86.48664	,82.28928
86.50667	,77.55864
86.5267	,81.26844
86.54674	,81.32053
86.56677	,81.77154
86.5868	,80.12401
86.60683	,80.01204
86.62686	,82.68162
86.64689	,78.39267
86.66692	,83.16488
86.68695	,83.85475
86.70698	,85.93835
86.72701	,86.13767
86.74704	,82.65562
86.76707	,83.68534
86.7871	,82.66354
86.80713	,88.72572
86.82716,	81.0751
86.84719	,77.59281
86.86722	,82.06961
86.88725	,79.50217
86.90728	,80.11584
86.92731	,83.70359
86.94734	,80.37176
86.96737	,81.13729
86.9874	,79.28764
87.00744	,77.84994
87.02747	,84.27631
87.0475	,77.30219
87.06753	,82.89619
87.08756	,81.39175
87.10759,	82.9302
87.12762	,78.36623
87.14765	,85.66001
87.16768	,80.47626
87.18771	,79.50083
87.20774	,81.29424
87.22777	,83.28028
87.2478	,85.56855
87.26784	,85.51024
87.28787	,80.64866
87.3079	,81.85415
87.32793	,83.46057
87.34796	,82.70327
87.36799	,77.96048
87.38802,	83.3434
87.40805	,81.78683
87.42808,	82.9768
87.44811	,84.10601
87.46814	,81.10028
87.48817	,78.48686
87.5082	,85.07066
87.52824	,85.66705
87.54827	,88.26661
87.5683	,82.05099
87.58833	,83.64018
87.60836	,76.88152
87.62839,	79.8011
87.64842	,81.57858
87.66845	,76.15305
87.68848,	82.863
87.70851	,80.41201
87.72854	,82.11071
87.74857	,86.34829
87.7686	,80.77958
87.78864	,83.25381
87.80867	,82.66066
87.8287	,89.22847
87.84873	,84.39866
87.86876	,86.46882
87.88879	,81.57835
87.90882	,75.07361
87.92885	,76.29977
87.94889	,85.51705
87.96892	,81.06837
87.98895	,78.97223
88.00898	,82.08541
88.02901	,80.40138
88.04904	,80.83494
88.06907	,84.23669
88.0891	,76.68388
88.10913	,85.37741
88.12916	,80.81832
88.1492	,80.77404
88.16923	,78.49581
88.18926	,78.76653
88.20929	,76.65234
88.22932	,82.79066
88.24935	,86.87338
88.26938	,86.72954
88.28941	,87.29387
88.30945	,80.19604
88.32948	,82.03327
88.34951	,70.76662
88.36954	,78.55613
88.38957	,83.25627
88.4096	,82.08549
88.42963	,85.62902
88.44967,	83.5929
88.4697	,76.35728
88.48973	,85.87175
88.50976	,78.38894
88.52979	,75.51853
88.54982	,73.40322
88.56985,	83.8098
88.58988	,83.98388
88.60992	,82.65616
88.62995	,85.73235
88.64998	,84.80653
88.67001	,81.91382
88.69004	,79.01485
88.71007	,81.01202
88.7301	,87.13821
88.75014	,80.55914
88.77017	,79.07793
88.7902	,83.10353
88.81023	,87.94641
88.83026	,83.27486
88.85029	,78.77762
88.87032	,76.49179
88.89036	,77.77725
88.91039	,82.12492
88.93042	,81.68823
88.95045	,71.92537
88.97048	,74.70203
88.99051	,83.60801
89.01055	,79.73504
89.03058,	82.2021
89.05061	,82.92722
89.07064	,82.29731
89.09067	,78.95991
89.1107	,83.10882
89.13074	,83.49036
89.15077	,81.39643
89.1708	,84.83938
89.19083	,80.17139
89.21086,	87.0603
89.2309	,89.35721
89.25093	,82.93163
89.27096	,81.96059
89.29099	,77.91757
89.31102	,79.59514
89.33105	,79.24118
89.35109	,81.26424
89.37112	,82.13336
89.39115	,84.94933
89.41118	,83.03799
89.43121	,80.57124
89.45125	,79.14764
89.47128	,78.57216
89.49131	,85.10242
89.51134	,85.70451
89.53137	,83.68808
89.5514	,83.02656
89.57144	,81.40013
89.59147,	82.039
89.6115	,82.41544
89.63153	,85.14269
89.65157	,85.82318
89.6716	,83.67913
89.69163	,83.27206
89.71166,	86.3601
89.73169	,84.79566
89.75173	,87.78451
89.77176,	88.9982
89.79179	,85.87729
89.81182	,85.08404
89.83185	,88.24839
89.85189	,91.38337
89.87192	,88.51095
89.89195	,94.25197
89.91198,	90.716
89.93201	,90.81256
89.95205	,87.32796
89.97208	,90.21879
89.99211	,92.28263
90.01214	,93.48205
90.03217	,97.16637
90.05221	,89.11713
90.07224	,93.49718
90.09227	,101.21037
90.1123	,100.71901
90.13234	,100.02525
90.15237	,105.28566
90.1724	,108.67089
90.19243	,119.02541
90.21246	,119.45652
90.2325,	124.2125
90.25253	,135.92672
90.27256	,144.34766
90.29259	,153.83103
90.31263	,180.09409
90.33266	,191.74381
90.35269	,223.71386
90.37272	,255.50547
90.39276	,283.48539
90.41279	,311.87473
90.43282	,335.41465
90.45285	,353.67281
90.47289	,370.22714
90.49292	,366.42722
90.51295,	367.442
90.53298	,363.64701
90.55302	,353.94001
90.57305	,332.23212
90.59308	,326.51905
90.61311	,319.61224
90.63315	,301.43421
90.65318	,299.20424
90.67321	,298.04928
90.69324	,292.76067
90.71328	,285.93145
90.73331	,293.20309
90.75334	,292.76749
90.77337	,274.00496
90.79341	,258.88067
90.81344	,253.71968
90.83347	,236.78369
90.85351	,223.23368
90.87354,	204.9456
90.89357	,204.48294
90.9136	,189.76108
90.93364	,174.54259
90.95367	,161.03911
90.9737	,155.79549
90.99373	,150.90224
91.01377	,146.24197
91.0338	,132.84721
91.05383	,122.41684
91.07386	,124.1239
91.0939	,121.67057
91.11393	,109.71285
91.13396	,99.33964
91.15399	,103.31408
91.17403	,99.37828
91.19406	,98.94944
91.2141	,92.51541
91.23413	,92.54407
91.25416	,93.11121
91.27419	,84.57375
91.29423	,86.25132
91.31426	,88.89573
91.33429,	90.8009
91.35432	,86.49047
91.37436	,82.34031
91.39439	,83.53254
91.41442	,84.76926
91.43446	,86.70207
91.45449	,83.09386
91.47452	,82.55306
91.49456	,81.79635
91.51459	,83.26242
91.53462	,77.24659
91.55465	,81.73807
91.57469	,83.14155
91.59472	,87.57256
91.61475	,80.71101
91.63479	,80.71575
91.65482	,80.72323
91.67485	,79.73881
91.69489	,85.63978
91.71492	,83.64567
91.73495	,79.10103
91.75499	,86.58622
91.77502,	84.6011
91.79505	,82.31174
91.81509	,83.93335
91.83512	,79.11962
91.85515	,77.50323
91.87519,	81.2224
91.89522	,76.04675
91.91525	,82.66797
91.93529	,83.16353
91.95532	,78.87628
91.97535	,75.45661
91.99539	,78.78734
92.01542	,76.51434
92.03545	,76.60513
92.05548	,78.78633
92.07552	,80.88496
92.09555	,78.80405
92.11559	,78.22188
92.13562	,81.91923
92.15565	,83.29655
92.17569	,84.64273
92.19572	,80.50506
92.21575	,73.94647
92.23579	,82.12444
92.25582	,79.83729
92.27585	,84.87406
92.29589	,84.32764
92.31592	,77.78069
92.33595	,77.50217
92.35599	,77.75578
92.37602	,80.44356
92.39605	,79.51777
92.41609	,76.45844
92.43612	,74.03394
92.45616	,78.66057
92.47619	,79.03697
92.49622,	75.8875
92.51626	,76.40549
92.53629	,76.20316
92.55632	,83.50803
92.57636,	78.9436
92.59639	,82.43615
92.61642	,80.24692
92.63646	,77.33586
92.65649,	73.3541
92.67653	,77.32681
92.69656	,79.31815
92.71659	,77.00647
92.73663	,82.48926
92.75666	,76.99735
92.77669	,75.43063
92.79673	,79.79063
92.81676	,83.06303
92.8368	,78.24562
92.85683	,81.38918
92.87686	,77.03915
92.8969	,69.43459
92.91693	,81.22288
92.93697	,86.25589
92.957	,85.09776
92.97703	,85.90678
92.99707,	78.1689
93.0171	,82.66377
93.03714	,75.83702
93.05717	,76.41424
93.0772,	80.6881
93.09724	,83.03831
93.11727	,76.38754
93.13731,	77.1425
93.15734	,75.67218
93.17737	,75.38714
93.19741	,82.11616
93.21744	,76.39271
93.23748	,78.66893
93.25751	,75.28595
93.27754	,72.93625
93.29758	,73.75414
93.31761	,82.46824
93.33765	,77.49446
93.35768	,75.55202
93.37772	,72.91733
93.39775	,80.88815
93.41778	,84.69386
93.43782	,77.08053
93.45785	,73.48753
93.47789	,80.92215
93.49792	,78.08496
93.51795	,74.88723
93.53799	,81.08734
93.55802	,84.76631
93.57806	,79.61816
93.59809	,77.57462
93.61813	,68.82855
93.63816	,78.08182
93.6582	,77.85097
93.67823	,78.74707
93.69826	,83.89658
93.7183,	80.6105
93.73833	,80.30403
93.75837	,74.80669
93.7784,	79.3127
93.79844	,79.91844
93.81847	,81.16143
93.83851	,78.96049
93.85854	,76.25017
93.87858	,78.78274
93.89861	,76.41483
93.91864	,78.41974
93.93868	,75.75816
93.95871	,76.51914
93.97875	,75.15792
93.99878,	73.9592
94.01882	,71.32302
94.03885	,76.19626
94.05889	,78.52187
94.07892	,81.74486
94.09895	,76.92918
94.11899	,72.33144
94.13902	,73.22645
94.15906	,79.62526
94.17909	,76.81548
94.19913,	80.9735
94.21916	,75.48792
94.2392	,77.55955
94.25923	,74.32541
94.27927	,73.75183
94.2993	,73.89657
94.31934	,72.46083
94.33937	,77.56141
94.35941	,78.93975
94.37944	,74.88495
94.39948	,73.98511
94.41951	,72.55734
94.43955	,76.46862
94.45958	,76.56381
94.47961	,76.34324
94.49965	,76.34748
94.51969	,79.69274
94.53972	,75.11814
94.55976	,71.69511
94.57979	,76.41567
94.59983	,79.38361
94.61986	,79.00974
94.63989,	76.499
94.65993	,79.29839
94.67997	,79.15896
94.7	,77.33895
94.72004	,74.75681
94.74007	,75.68704
94.7601	,79.39114
94.78014	,78.10183
94.80018	,76.16289
94.82021	,81.65053
94.84025	,80.04378
94.86028	,78.44062
94.88032	,79.07716
94.90035	,80.53673
94.92039	,78.23005
94.94042,	73.4847
94.96046	,78.90358
94.98049	,82.19311
95.00053	,80.66079
95.02056	,69.82111
95.0406	,78.51369
95.06063	,76.27738
95.08067	,76.77012
95.1007	,77.71666
95.12074	,76.37328
95.14077	,78.40985
95.16081	,79.41257
95.18084	,81.24044
95.20088	,81.62442
95.22092	,79.07242
95.24095	,80.65941
95.26099,	79.0408
95.28102	,76.65108
95.30106	,79.23216
95.32109	,84.14066
95.34113,	81.4307
95.36116	,83.31771
95.3812	,77.45988
95.40124	,82.90275
95.42127	,83.58811
95.44131	,87.53376
95.46134	,82.83107
95.48138	,86.69568
95.50141	,93.82421
95.52145	,96.12102
95.54149	,100.65025
95.56152	,102.44395
95.58156	,107.52025
95.60159	,115.33122
95.62163	,132.31457
95.64166	,143.77552
95.6617	,158.58406
95.68173	,165.83041
95.70177	,177.09732
95.72181	,187.05653
95.74184	,199.09777
95.76188	,194.24998
95.78191	,177.48218
95.80195	,177.20395
95.82199	,164.56575
95.84202	,155.16394
95.86206	,148.79729
95.88209	,150.16166
95.90213	,143.21566
95.92216	,138.56153
95.9422	,146.48016
95.96224	,145.14005
95.98227	,148.02893
96.00231	,147.1709
96.02234	,153.35119
96.04238	,140.78545
96.06241	,140.83073
96.08245	,139.81011
96.10249	,138.91835
96.12252	,126.59379
96.14256	,117.37473
96.16259	,109.3734
96.18263	,103.44552
96.20267	,103.30258
96.2227	,98.57096
96.24274	,105.55461
96.26278	,101.00668
96.28281	,91.18778
96.30285	,95.36828
96.32288	,90.53054
96.34292	,84.16796
96.36296	,91.78494
96.38299	,85.51358
96.40303	,88.18604
96.42306	,84.62509
96.4431	,84.81814
96.46314	,86.55814
96.48317	,79.17827
96.50321	,84.93148
96.52325	,81.56533
96.54328	,83.63188
96.56332	,82.68148
96.58336	,79.98794
96.60339,	82.421
96.62343	,78.05668
96.64346	,77.80676
96.6635	,77.76124
96.68354	,78.61876
96.70357,	83.8531
96.72361	,78.10405
96.74365,	73.5569
96.76368	,78.79485
96.78372	,76.25248
96.80376	,80.28837
96.82379	,77.35749
96.84383	,79.66496
96.86387	,74.55399
96.8839	,78.44694
96.90394	,84.10884
96.92397	,77.52463
96.94401	,74.69631
96.96405	,75.68631
96.98409	,73.82983
97.00412	,73.70315
97.02416	,74.63445
97.0442	,77.05142
97.06423	,80.59774
97.08427	,70.91748
97.10431,	79.9533
97.12434	,81.17898
97.14438	,80.79037
97.16442	,79.43614
97.18445	,77.37882
97.20449	,75.52685
97.22453	,79.00326
97.24456	,71.56362
97.2646	,73.99531
97.28464	,76.03065
97.30467	,78.21754
97.32471	,77.04864
97.34475	,78.62212
97.36478,	79.7517
97.38482	,79.95797
97.40486	,76.28075
97.4249	,75.85503
97.44493,	80.1279
97.46497	,73.33277
97.48501	,75.37379
97.50504	,79.81704
97.52508	,77.40174
97.54512	,77.30901
97.56515	,79.06746
97.58519	,74.94325
97.60523	,79.19161
97.62526	,75.57742
97.6453	,75.47412
97.66534	,77.74361
97.68538	,74.81242
97.70541	,77.55076
97.72545	,74.39538
97.74549	,78.75873
97.76553	,77.94441
97.78556	,81.65229
97.8056	,79.42792
97.82564	,75.19437
97.84568	,76.79045
97.86571	,78.98218
97.88575	,78.66007
97.90579	,76.88645
97.92582	,78.28563
97.94586	,72.85788
97.9659	,80.52646
97.98593	,74.57257
98.00597	,79.38306
98.02601	,75.62826
98.04605	,75.69465
98.06609	,83.92315
98.08612	,79.29818
98.10616,	75.4953
98.1262	,81.52109
98.14623	,83.15738
98.16627	,85.78364
98.18631	,78.53513
98.20635	,78.39884
98.22639	,77.55528
98.24642	,78.36107
98.26646,	80.6987
98.2865	,83.77988
98.30654	,85.03487
98.32657	,89.84318
98.34661	,91.92143
98.36665	,90.57568
98.38669	,94.55337
98.40672	,93.97409
98.42676	,101.17536
98.4468	,96.84334
98.46684	,100.9709
98.48688	,108.68852
98.50691	,113.03092
98.52695	,120.64081
98.54699	,133.62463
98.56702	,145.83188
98.58706	,155.24648
98.6071	,167.26101
98.62714	,182.99535
98.64718,	192.0639
98.66721	,199.89036
98.68725	,202.38074
98.70729	,210.54798
98.72733	,191.92442
98.74737	,187.59751
98.76741	,177.13526
98.78744	,173.71306
98.80748	,171.49416
98.82752	,165.50338
98.84756	,159.72916
98.86759	,149.20299
98.88763	,152.81003
98.90767	,156.46003
98.92771	,147.30851
98.94775	,148.22223
98.96779	,150.53561
98.98782	,150.84635
99.00786	,148.89945
99.0279	,143.16915
99.04794	,135.85211
99.06798	,123.86331
99.08801	,129.84998
99.10805	,123.57462
99.12809	,115.37138
99.14813	,114.31986
99.16817	,116.23226
99.18821	,114.62589
99.20824	,106.83536
99.22828	,99.57747
99.24832	,99.12273
99.26836,	93.988
99.2884,	88.1356
99.30844	,88.79155
99.32847	,85.93876
99.34851	,78.39087
99.36855	,81.85345
99.38859	,85.64176
99.40863	,86.63849
99.42867	,86.16755
99.4487	,78.41904
99.46874	,83.23988
99.48878	,80.15466
99.50882	,76.33842
99.52886	,78.39887
99.5489	,78.03157
99.56894	,77.75026
99.58897	,77.87976
99.60901	,78.95256
99.62905	,76.74358
99.64909,	81.4459
99.66913	,79.14422
99.68917	,78.68642
99.70921	,75.46379
99.72925	,81.29066
99.74928	,74.08086
99.76932	,73.15446
99.78936	,80.15818
99.8094	,78.19509
99.82944	,77.10758
99.84948	,76.88194
99.86952	,74.13361
99.88955	,77.72031
99.90959	,78.12979
99.92963	,81.25592
99.94967	,80.42756
99.96971,	77.3843
99.98975	,71.72722
100.00979	,75.39785
100.02983	,80.34764
100.04987	,75.84147
100.06991	,75.59859
100.08995	,71.87758
100.10998	,74.60212
100.13002,	76.6453
100.15006	,73.44625
100.1701	,73.24066
100.19014,	72.134
100.21018	,74.84059
100.23022	,73.02381
100.25026	,71.60664
100.2703	,78.29053
100.29034	,78.55706
100.31038,	76.9953
100.33041	,74.68148
100.35045	,75.73623
100.37049	,76.88675
100.39053	,80.57769
100.41057	,73.62347
100.43061	,72.88035
100.45065	,70.62673
100.47069	,76.08159
100.49073	,74.99364
100.51077	,74.89412
100.53081	,74.13924
100.55085	,76.82103
100.57089	,73.69806
100.59093	,75.93628
100.61096	,73.13871
100.631,	69.951
100.65104	,69.84895
100.67108	,77.58918
100.69112	,80.86637
100.71116	,83.42039
100.7312	,75.49923
100.75124	,74.41816
100.77128	,71.77634
100.79132	,75.74816
100.81136	,73.40767
100.8314	,73.73367
100.85144,	70.3696
100.87148	,73.35197
100.89152	,75.25798
100.91156	,79.35769
100.9316	,76.70579
100.95164	,67.37074
100.97168	,72.11314
100.99172	,78.53545
101.01176	,78.13159
101.0318	,74.65677
101.05184	,76.63149
101.07188	,76.19015
101.09191	,76.69568
101.11196	,75.23378
101.132	,76.69954
101.15204	,72.24515
101.17207	,71.96614
101.19212	,75.84783
101.21216	,78.98381
101.2322	,77.45113
101.25224,	69.1783
101.27228	,70.15728
101.29232,	73.7299
101.31236	,76.90548
101.33239	,70.08179
101.35243	,72.75474
101.37248	,70.28083
101.39251	,70.41452
101.41256	,76.65272
101.4326	,77.41668
101.45263	,75.98303
101.47268	,76.83078
101.49272	,70.37031
101.51276	,77.84158
101.5328	,72.46629
101.55284	,73.83667
101.57288	,68.94803
101.59292	,68.22657
101.61296	,71.05554
101.633	,73.93509
101.65304	,73.52957
101.67308	,76.91876
101.69312	,72.55622
101.71316	,74.93815
101.7332	,74.43841
101.75324	,73.35472
101.77328	,69.34026
101.79332	,74.45803
101.81336	,73.82101
101.8334,	74.4882
101.85344	,72.87846
101.87348	,70.99759
101.89352	,70.47353
101.91356	,71.01854
101.9336	,70.62814
101.95364	,71.24135
101.97369	,71.05952
101.99373	,74.91514
102.01377	,75.75081
102.03381	,70.35853
102.05385	,72.47739
102.07389	,74.38248
102.09393	,73.32154
102.11397	,75.16514
102.13401	,72.24609
102.15405	,72.31284
102.17409	,69.52458
102.19413	,72.38137
102.21417	,73.58701
102.23421,	70.2979
102.25426	,72.77595
102.2743	,71.82401
102.29434,	71.5992
102.31438,	75.3458
102.33442	,78.08691
102.35446,	73.0425
102.3745	,76.99491
102.39454	,73.98395
102.41458	,75.88946
102.43462	,73.79076
102.45467,	75.1982
102.47471,	71.9718
102.49475	,67.18363
102.51479	,79.52707
102.53483	,72.86317
102.55487	,72.19217
102.57491	,70.28833
102.59495	,72.80795
102.61499	,74.88351
102.63503	,67.35742
102.65508	,69.75962
102.67512	,68.25921
102.69516	,74.33673
102.7152	,75.11395
102.73524	,75.89052
102.75528	,72.67311
102.77532	,72.29464
102.79536	,69.52893
102.81541	,70.31238
102.83545	,74.76595
102.85549	,72.25922
102.87553	,73.48569
102.89557	,72.93003
102.91561	,70.69224
102.93566	,70.61545
102.95569	,73.74129
102.97574	,68.36898
102.99578	,66.76006
103.01582,	68.5886
103.03586	,75.76744
103.0559	,74.87843
103.07595	,71.61507
103.09599,	71.0952
103.11603	,68.38039
103.13607	,72.74291
103.15611	,73.16396
103.17615	,72.13663
103.1962	,73.78318
103.21624	,72.72348
103.23628	,73.92014
103.25632	,69.86087
103.27636	,70.86132
103.2964	,75.89665
103.31645	,72.49409
103.33649	,73.39243
103.35653	,74.09787
103.37657	,68.82771
103.39661	,66.85331
103.41665	,68.59168
103.4367	,72.16833
103.45674	,69.27629
103.47678	,67.23571
103.49682	,74.88484
103.51686	,74.66491
103.53691	,72.08001
103.55695	,74.14557
103.57699	,69.46341
103.59703	,76.45937
103.61708	,72.37458
103.63712	,69.67411
103.65716	,73.34157
103.6772,	74.249
103.69724	,70.83509
103.71728	,71.91591
103.73733	,68.71847
103.75737	,70.98017
103.77741	,71.68392
103.79745	,73.16872
103.8175	,75.59478
103.83754	,75.73185
103.85758	,73.52077
103.87762	,71.57811
103.89767	,75.20538
103.91771	,70.73833
103.93775	,76.29242
103.95779,	78.8447
103.97783	,70.69795
103.99788	,69.50832
104.01792	,70.56746
104.03796	,68.04201
104.058	,80.50336
104.07805	,72.38834
104.09809	,72.97553
104.11813	,78.73758
104.13817	,77.16936
104.15822	,76.17026
104.17826	,70.88212
104.1983	,72.47467
104.21835	,67.16922
104.23839	,70.59289
104.25843	,71.02066
104.27847,	76.1619
104.29852	,73.22278
104.31856	,73.05303
104.3386	,70.14125
104.35864	,72.21468
104.37869,	72.2852
104.39873	,69.70064
104.41877	,74.84668
104.43881	,77.05652
104.45886	,72.61819
104.4789	,73.55999
104.49895	,75.03498
104.51899	,69.65036
104.53903	,71.51268
104.55907	,71.95792
104.57912	,72.54044
104.59916	,68.27221
104.6192	,65.86874
104.63925	,70.52235
104.65929	,71.12778
104.67933	,72.76105
104.69938	,72.49371
104.71942	,73.15752
104.73946	,72.61333
104.7595	,74.53809
104.77955	,68.83728
104.79959	,69.90492
104.81963	,74.68844
104.83968	,73.45055
104.85972	,71.52022
104.87976	,69.60299
104.89981	,72.13801
104.91985	,80.06716
104.93989	,72.79826
104.95994	,73.22548
104.97998	,71.93117
105.00002	,72.33829
105.02007	,72.56764
105.04011	,74.80372
105.06015	,72.99176
105.0802,	66.5626
105.10024	,65.11815
105.12029,	68.569
105.14033	,69.95352
105.16037,	75.1556
105.18041	,72.65817
105.20046	,73.04326
105.2205	,71.52512
105.24055,	69.1977
105.26059	,68.13457
105.28063	,72.83658
105.30068	,76.70292
105.32072	,78.62906
105.34076	,77.31242
105.36081	,71.43345
105.38085	,70.91138
105.4009	,70.51417
105.42094	,70.46498
105.44098	,72.85487
105.46103	,68.13644
105.48107	,68.98089
105.50111,	71.5983
105.52116,	73.1644
105.5412,	70.3741
105.56125	,73.75751
105.58129	,67.34608
105.60134	,70.62291
105.62138,	73.156
105.64142	,74.37296
105.66147	,71.78735
105.68151	,77.52314
105.70156	,71.62517
105.7216	,79.35902
105.74164,	75.1193
105.76169	,67.68704
105.78173	,69.71946
105.80178	,73.88017
105.82182	,76.64022
105.84187,	70.1322
105.86191	,77.21746
105.88195	,70.33614
105.902	,74.61142
105.92204	,76.17935
105.94209	,72.82884
105.96213	,71.77187
105.98218	,74.86914
106.00222	,75.57195
106.02226,	74.2156
106.04231	,77.09213
106.06235	,72.15213
106.0824	,70.33523
106.10244	,73.95307
106.12249	,76.15381
106.14253	,71.56736
106.16257	,69.39653
106.18262	,65.20029
106.20266	,70.68749
106.22271,	70.9708
106.24275	,67.73407
106.2628	,70.98834
106.28284	,78.34251
106.30289	,70.87085
106.32293	,75.97033
106.34298,	73.7416
106.36302,	76.662
106.38307	,72.24242
106.40311	,76.87433
106.42316	,72.21647
106.4432,	72.5506
106.46325	,74.26546
106.48329	,71.32447
106.50334	,72.47646
106.52338	,71.01037
106.54343	,68.57965
106.56347	,72.25699
106.58352	,68.06466
106.60356	,69.50456
106.62361	,74.02786
106.64365	,73.36631
106.6637	,73.81942
106.68374	,74.62635
106.70379	,66.75084
106.72383	,71.63914
106.74388	,75.09602
106.76392	,69.22819
106.78397	,73.44641
106.80401	,72.20781
106.82406	,72.68048
106.8441	,72.36044
106.86415	,71.54956
106.88419,	71.5417
106.90424	,72.35341
106.92429	,66.36851
106.94433	,70.29093
106.96438	,70.52596
106.98442,	73.9385
107.00447	,68.10929
107.02451	,74.98443
107.04456	,70.48136
107.0646	,69.29118
107.08465	,71.75624
107.10469	,75.51927
107.12474	,71.83737
107.14478	,75.47987
107.16483	,72.67126
107.18488	,75.44031
107.20492	,73.59534
107.22497,	72.9062
107.24501	,71.67226
107.26506	,71.32946
107.28511,	70.5989
107.30515	,74.36569
107.3252	,70.87861
107.34524	,76.42304
107.36529	,72.44383
107.38533	,69.73851
107.40538	,76.01696
107.42543	,74.57413
107.44547	,70.33356
107.46552	,73.11733
107.48556,	67.7595
107.50561	,69.38775
107.52566	,73.61372
107.5457	,76.67167
107.56575	,75.91481
107.58579	,77.00468
107.60584,	71.4441
107.62589	,68.58338
107.64593	,69.39677
107.66598	,69.00627
107.68602	,69.24426
107.70607,	70.9371
107.72612	,71.83919
107.74616,	69.4904
107.76621	,68.86973
107.78626	,69.31368
107.8063	,72.13186
107.82635	,69.45231
107.8464,	74.4627
107.86644	,73.64634
107.88649	,68.37622
107.90654	,74.17878
107.92658	,75.11969
107.94663	,66.88573
107.96667	,68.04061
107.98672	,70.45451
108.00677	,76.01607
108.02681	,75.07516
108.04686	,73.80594
108.06691	,73.79979
108.08695	,67.27754
108.107	,70.56122
108.12705	,77.03073
108.14709	,73.17201
108.16714	,72.99277
108.18719	,75.75228
108.20723	,72.60813
108.22728	,71.96389
108.24733	,68.34727
108.26737	,70.48174
108.28742,	65.4277
108.30747	,68.15517
108.32751	,72.42917
108.34756	,73.49373
108.36761	,69.53971
108.38766,	72.2265
108.4077	,77.14829
108.42775	,72.61295
108.4478	,72.22536
108.46785	,73.30993
108.48789	,72.23606
108.50794	,74.15701
108.52799	,71.81035
108.54803	,66.57557
108.56808	,73.13947
108.58813,	73.6184
108.60817	,69.74857
108.62822	,67.42381
108.64827	,74.74352
108.66832	,73.54495
108.68836	,72.00044
108.70841	,71.86939
108.72846	,76.32442
108.74851,	73.1055
108.76855	,73.77372
108.7886	,68.62697
108.80865	,73.06731
108.82869	,69.88788
108.84874	,68.86757
108.86879	,72.90977
108.88884	,70.87565
108.90889	,70.32988
108.92893	,68.75399
108.94898	,74.55619
108.96903	,70.80697
108.98908	,68.62715
109.00912	,72.86377
109.02917	,69.99025
109.04922,	70.7911
109.06927	,68.47033
109.08932	,74.53722
109.10936	,72.69057
109.12941	,69.60508
109.14946	,66.85764
109.16951,	68.9617
109.18955	,74.28834
109.2096	,78.14008
109.22965	,75.88758
109.2497	,70.80683
109.26975	,69.42309
109.28979,	71.6471
109.30984	,72.77377
109.32989	,72.39363
109.34994,	79.5308
109.36999	,72.29456
109.39004	,71.39105
109.41008	,73.18677
109.43013	,71.74071
109.45018	,71.19664
109.47023	,78.92792
109.49028	,74.57023
109.51033	,72.00947
109.53037	,72.46193
109.55042	,75.85812
109.57047	,70.63664
109.59052	,72.55128
109.61057	,65.36494
109.63062	,67.43017
109.65066	,70.14146
109.67071	,72.42596
109.69076	,73.03924
109.71081	,72.26343
109.73086	,75.24019
109.75091	,70.18081
109.77095,	69.5816
109.791	,71.45769
109.81105,	71.6132
109.8311	,68.38469
109.85115	,70.65941
109.8712	,66.86976
109.89125	,71.98615
109.91129	,69.96191
109.93134,	68.5484
109.95139	,70.83903
109.97144	,69.49388
109.99149	,72.26085
110.01154	,71.94432
110.03159	,71.95967
110.05164	,62.94058
110.07169	,69.43368
110.09174	,69.57814
110.11178,	70.009
110.13183	,69.89372
110.15188,	75.0466
110.17193	,69.03343
110.19198	,74.46092
110.21203	,70.26136
110.23208	,71.14134
110.25213	,73.66363
110.27218	,68.52709
110.29223	,65.75534
110.31227	,76.64059
110.33233	,71.55384
110.35237	,74.12691
110.37242,	71.1275
110.39247	,69.71075
110.41252	,77.85476
110.43257	,73.72519
110.45262,	74.2259
110.47267	,72.84442
110.49272	,71.95093
110.51277	,69.41851
110.53282	,68.56282
110.55287	,70.70324
110.57292,	68.1112
110.59297,	69.6048
110.61302	,73.42368
110.63307	,73.76946
110.65312	,71.76664
110.67317	,70.75108
110.69322	,74.93261
110.71327,	74.2256
110.73331,	74.1287
110.75337	,71.72426
110.77341	,77.01316
110.79347	,74.99374
110.81352	,71.05079
110.83356	,69.90233
110.85361	,70.05436
110.87367,	72.0811
110.89372	,74.66943
110.91377	,75.38751
110.93382	,70.25632
110.95387	,70.45121
110.97392	,68.81088
110.99396,	65.3179
111.01401	,70.72739
111.03407	,71.97204
111.05412	,79.04422
111.07417	,71.90142
111.09422	,70.48732
111.11427	,73.90078
111.13432	,72.55363
111.15437	,73.50567
111.17442	,75.48148
111.19447	,70.30034
111.21452	,73.24028
111.23457	,66.72317
111.25462	,67.02638
111.27467	,67.51508
111.29472	,70.08989
111.31477	,70.26697
111.33482	,72.82962
111.35487	,65.16993
111.37492	,64.95439
111.39497	,71.29982
111.41502	,76.55709
111.43507,	74.0602
111.45513,	74.6479
111.47517	,79.63373
111.49523	,70.36024
111.51528	,64.97103
111.53533	,65.30548
111.55538	,74.95247
111.57543	,72.75866
111.59548	,76.86296
111.61553	,69.04714
111.63558	,69.99835
111.65563	,72.93886
111.67569,	72.365
111.69574	,75.21492
111.71579	,68.96011
111.73584	,73.75815
111.75589	,70.52892
111.77594	,73.78841
111.79599	,70.64466
111.81604	,69.04789
111.83609	,70.41381
111.85615	,69.28987
111.87619	,68.98412
111.89625,	70.2488
111.9163	,67.27065
111.93635	,70.85408
111.9564	,71.52139
111.97645	,73.97903
111.9965	,68.01105
112.01655	,75.43001
112.03661	,72.07146
112.05666	,73.56042
112.07671	,68.14391
112.09676	,71.81068
112.11681	,72.08006
112.13686	,72.93257
112.15692,	76.4579
112.17697	,68.87356
112.19702	,66.04701
112.21707	,69.25187
112.23712	,70.72558
112.25717	,70.03003
112.27723	,68.11437
112.29728	,73.52422
112.31733	,75.37222
112.33738	,69.10763
112.35743	,70.99764
112.37749	,75.93739
112.39754,	71.5622
112.41759	,75.85683
112.43764	,77.08846
112.45769	,80.06971
112.47775	,74.36895
112.4978	,68.56426
112.51785	,68.43915
112.5379,	69.8145
112.55795	,69.31365
112.57801	,70.94485
112.59806	,74.95985
112.61811	,75.08548
112.63816	,72.20065
112.65822	,75.28827
112.67827	,66.82206
112.69832	,67.46196
112.71837	,73.90891
112.73843	,71.77588
112.75848	,72.35356
112.77853	,71.90739
112.79858	,69.59252
112.81864	,72.13827
112.83869,	70.382
112.85874	,71.31893
112.87879	,73.84507
112.89885	,67.54494
112.9189	,72.91575
112.93895	,78.20206
112.959	,70.31519
112.97906	,71.08904
112.99911	,71.95466
113.01916,	70.3495
113.03922	,69.85624
113.05927	,64.08616
113.07932	,73.24364
113.09937	,70.52938
113.11943	,69.21924
113.13948	,73.67051
113.15953	,66.98191
113.17958	,71.53156
113.19964	,72.41144
113.21969	,76.44543
113.23974	,73.66245
113.2598	,67.32787
113.27985	,75.55259
113.29991	,69.70282
113.31996,	73.8948
113.34001	,70.38865
113.36006	,74.51415
113.38012	,73.18744
113.40017	,74.50524
113.42022	,65.79262
113.44028	,68.35458
113.46033,	71.3509
113.48038	,70.91755
113.50044	,72.74654
113.52049	,71.62571
113.54055	,69.66283
113.5606,	74.8972
113.58065	,72.57591
113.60071	,72.04321
113.62076	,72.73831
113.64081,	75.1271
113.66087,	72.8084
113.68092	,69.81015
113.70098	,70.85106
113.72103	,64.42832
113.74108	,65.78628
113.76114	,70.84272
113.78119	,74.28299
113.80124,	71.5844
113.8213	,70.67059
113.84135,	71.3825
113.86141	,75.04113
113.88146	,70.30719
113.90151	,70.29777
113.92157	,76.53498
113.94162	,71.11513
113.96168	,69.94977
113.98173	,73.08507
114.00178	,69.58933
114.02184	,67.64353
114.04189	,77.26937
114.06195	,77.44686
114.082	,78.89912
114.10206	,73.74067
114.12211	,71.93061
114.14217	,71.13329
114.16222	,72.89891
114.18227	,76.08871
114.20233	,71.24352
114.22238	,75.90625
114.24244	,72.84364
114.26249	,67.88435
114.28255	,68.15961
114.3026	,75.96464
114.32266	,72.15549
114.34271	,70.68762
114.36277	,70.88276
114.38282	,68.44848
114.40287	,72.78182
114.42293,	68.9656
114.44298	,74.35191
114.46304	,74.63241
114.4831	,74.35463
114.50315	,78.84837
114.5232	,75.18516
114.54326	,73.69409
114.56332	,72.00881
114.58337	,72.14171
114.60342	,79.21289
114.62348	,76.52088
114.64353	,72.19742
114.66359	,77.12963
114.68365	,77.88324
114.7037	,70.77602
114.72375,	77.6372
114.74381,	68.1512
114.76387	,70.17894
114.78392	,74.40764
114.80398	,75.34519
114.82403	,73.66001
114.84409	,73.34843
114.86414	,73.09457
114.8842	,73.58336
114.90426	,77.53282
114.92431	,75.95131
114.94437	,76.34207
114.96442	,73.05167
114.98448	,75.22848
115.00453,	73.2686
115.02459	,78.53708
115.04465	,76.08229
115.0647	,74.42884
115.08476	,71.53271
115.10481	,75.42243
115.12487	,75.52049
115.14492	,77.56491
115.16498	,75.69949
115.18504	,75.09107
115.20509	,75.62491
115.22515	,76.79496
115.2452	,78.81516
115.26526	,78.18835
115.28531	,77.15953
115.30537	,83.68206
115.32543	,74.19324
115.34548	,82.07958
115.36554	,80.24394
115.3856	,76.13704
115.40565	,79.38153
115.42571	,80.81612
115.44577	,75.28213
115.46582	,78.37385
115.48588	,81.02166
115.50594	,81.64282
115.52599	,83.83542
115.54605	,84.10041
115.56611	,90.17553
115.58616	,86.21604
115.60622	,96.67743
115.62627	,91.71089
115.64633	,99.43773
115.66639	,99.88278
115.68644	,99.05599
115.7065	,95.72308
115.72656	,105.35249
115.74661	,113.11252
115.76667	,119.23799
115.78673	,121.02443
115.80678	,130.62707
115.82684	,135.15819
115.8469	,147.40565
115.86696	,151.68018
115.88701	,156.26992
115.90707	,169.9104
115.92713	,179.25651
115.94719	,182.0335
115.96724	,178.03897
115.9873	,183.3477
116.00736	,179.10192
116.02741	,186.67137
116.04747	,183.13864
116.06753	,190.39527
116.08759	,175.92484
116.10764	,192.84108
116.1277	,187.08681
116.14776	,174.73139
116.16782	,179.58841
116.18787	,174.69637
116.20793	,173.19816
116.22799	,161.69209
116.24805	,155.65663
116.2681	,160.57129
116.28816	,155.93171
116.30822	,162.59162
116.32828	,151.96861
116.34834	,145.52359
116.36839	,153.20312
116.38845	,150.5614
116.40851	,145.47289
116.42857	,138.58161
116.44863	,150.67645
116.46868	,145.79801
116.48874	,140.78522
116.5088	,135.05979
116.52886	,144.73941
116.54891	,138.51481
116.56897	,132.44402
116.58903	,126.46163
116.60909	,123.38478
116.62915	,122.85712
116.64921	,120.00673
116.66927	,119.69091
116.68932	,119.72633
116.70938	,108.48717
116.72944	,104.54247
116.7495	,98.51692
116.76956	,100.43271
116.78962	,101.75705
116.80968	,94.91112
116.82973	,98.85592
116.84979	,89.75256
116.86985	,91.71163
116.88991	,88.34258
116.90997	,87.31363
116.93003	,82.48511
116.95009	,80.47227
116.97015	,85.63749
116.9902	,87.08652
117.01026,	83.5421
117.03032	,80.89178
117.05038	,83.19111
117.07044	,82.82257
117.0905	,82.89243
117.11056	,80.53795
117.13062	,77.90582
117.15067	,78.15863
117.17074	,84.56188
117.19079	,78.62386
117.21085	,81.49733
117.23091	,78.60431
117.25097	,82.94056
117.27103	,80.30823
117.29109	,80.56569
117.31115	,80.80365
117.33121,	81.8172
117.35127	,84.76214
117.37133	,89.84534
117.39139	,87.78428
117.41145	,88.91842
117.43151	,80.58436
117.45157	,81.97258
117.47163,	89.9153
117.49169,	85.5911
117.51175	,90.76786
117.5318	,91.16462
117.55186	,92.04051
117.57192	,94.91769
117.59198	,99.10523
117.61205	,99.94811
117.6321	,94.34321
117.65216	,108.74045
117.67222	,110.06401
117.69229	,116.60691
117.71235	,116.76407
117.73241	,112.98034
117.75246	,119.47456
117.77252	,115.13759
117.79259	,116.50338
117.81265	,108.58499
117.83271	,116.8212
117.85277	,116.80603
117.87283	,115.94719
117.89289	,108.38744
117.91295	,106.0039
117.93301	,116.06936
117.95307	,108.78686
117.97313	,101.44246
117.99319	,102.7609
118.01325	,97.09206
118.03331	,101.72861
118.05337	,91.54841
118.07343	,93.23878
118.09349	,95.24469
118.11355	,94.88918
118.13362,	93.7538
118.15368	,96.21186
118.17374	,98.12126
118.1938	,97.77538
118.21386	,100.85841
118.23392	,98.81283
118.25398	,98.56016
118.27404	,97.48166
118.2941	,97.83812
118.31417	,101.07836
118.33423	,97.20298
118.35429	,88.81702
118.37435	,95.38471
118.39441	,96.85663
118.41447,	86.2844
118.43453	,86.92592
118.45459	,83.26586
118.47465	,83.87345
118.49472	,91.59466
118.51478	,80.38843
118.53484	,78.71161
118.5549	,79.53081
118.57496	,80.89029
118.59502	,82.70397
118.61509	,78.99754
118.63515,	78.0754
118.65521	,76.83962
118.67527	,75.69475
118.69533	,79.59839
118.7154	,78.27973
118.73546	,73.85558
118.75552	,76.25923
118.77558	,75.66702
118.79564	,75.68813
118.81571	,77.99958
118.83577	,77.86631
118.85583	,75.29113
118.87589	,74.39428
118.89595	,72.54283
118.91601	,73.87014
118.93608	,74.27838
118.95614	,76.41587
118.9762	,74.03041
118.99627	,70.87506
119.01633	,66.44467
119.03639	,70.43366
119.05645	,73.61994
119.07651	,74.59071
119.09658	,72.17494
119.11664	,73.15924
119.1367	,75.10463
119.15677	,75.44156
119.17683	,73.35944
119.19689,	78.0917
119.21695	,77.03987
119.23702	,74.59298
119.25708	,73.18633
119.27714	,55.47683
119.29721,	52.9872
119.31727	,47.97931
119.33733	,36.82394
119.3574	,35.10863
119.37746	,39.14243
119.39752	,37.51713
119.41758	,33.62896
119.43765,	35.8658
119.45771	,16.86954